Timestamp;Visitors IN;Visitors OUT;Men IN;Men OUT;Women IN;Women OUT;Group IN;Group OUT;Passersby
10/10/2024 0:00;0;0;0;0;0;0;0;0;30
10/10/2024 1:00;0;0;0;0;0;0;0;0;14
10/10/2024 2:00;0;0;0;0;0;0;0;0;37
10/10/2024 3:00;0;0;0;0;0;0;0;0;24
10/10/2024 4:00;0;0;0;0;0;0;0;0;14
10/10/2024 5:00;0;0;0;0;0;0;0;0;92
10/10/2024 6:00;0;0;0;0;0;0;0;0;183
10/10/2024 7:00;19;19;0;1;11;8;19;19;632
10/10/2024 8:00;83;66;17;10;38;31;77;61;2701
10/10/2024 9:00;117;99;29;18;59;51;105;91;3215
10/10/2024 10:00;88;85;30;18;34;38;81;76;3384
10/10/2024 11:00;91;97;20;27;42;43;82;89;5412
10/10/2024 12:00;226;193;56;40;134;114;197;170;8205
10/10/2024 13:00;210;236;38;39;114;137;185;207;7553
10/10/2024 14:00;103;102;28;21;48;55;88;87;5065
10/10/2024 15:00;92;104;21;22;34;47;79;94;5113
10/10/2024 16:00;75;99;22;24;34;49;66;85;7208
10/10/2024 17:00;79;86;16;18;37;41;69;73;7494
10/10/2024 18:00;50;63;11;11;20;30;47;54;5345
10/10/2024 19:00;21;40;3;9;9;17;22;35;3675
10/10/2024 20:00;2;5;1;2;1;2;2;5;1594
10/10/2024 21:00;0;0;0;0;0;0;0;0;1037
10/10/2024 22:00;0;0;0;0;0;0;0;0;1075
10/10/2024 23:00;0;0;0;0;0;0;0;0;541
11/10/2024 0:00;0;0;0;0;0;0;0;0;266
11/10/2024 1:00;0;0;0;0;0;0;0;0;40
11/10/2024 2:00;0;0;0;0;0;0;0;0;41
11/10/2024 3:00;0;0;0;0;0;0;0;0;14
11/10/2024 4:00;0;0;0;0;0;0;0;0;9
11/10/2024 5:00;0;0;0;0;0;0;0;0;70
11/10/2024 6:00;1;1;0;0;1;1;1;1;181
11/10/2024 7:00;16;13;6;6;7;3;14;11;908
11/10/2024 8:00;63;46;13;9;34;26;61;45;1791
11/10/2024 9:00;86;84;28;25;36;35;79;77;2907
11/10/2024 10:00;69;66;23;15;32;28;60;65;3550
11/10/2024 11:00;103;96;26;23;49;44;92;86;4907
11/10/2024 12:00;167;148;41;37;90;77;144;130;7932
11/10/2024 13:00;163;183;40;31;98;111;148;160;7918
11/10/2024 14:00;102;96;15;12;62;57;88;84;7067
11/10/2024 15:00;92;96;23;14;42;51;78;83;8794
11/10/2024 16:00;105;113;16;20;68;64;90;97;9894
11/10/2024 17:00;70;85;16;11;39;53;64;76;9587
11/10/2024 18:00;65;72;10;12;37;40;55;68;7931
11/10/2024 19:00;23;50;2;9;12;25;20;38;4327
11/10/2024 20:00;0;0;0;0;0;0;0;0;2545
11/10/2024 21:00;0;0;0;0;0;0;0;0;1652
11/10/2024 22:00;0;0;0;0;0;0;0;0;1067
11/10/2024 23:00;0;0;0;0;0;0;0;0;1047
12/10/2024 0:00;0;0;0;0;0;0;0;0;446
12/10/2024 1:00;0;0;0;0;0;0;0;0;189
12/10/2024 2:00;0;0;0;0;0;0;0;0;117
12/10/2024 3:00;0;0;0;0;0;0;0;0;56
12/10/2024 4:00;0;0;0;0;0;0;0;0;54
12/10/2024 5:00;0;0;0;0;0;0;0;0;103
12/10/2024 6:00;0;0;0;0;0;0;0;0;195
12/10/2024 7:00;0;0;0;0;0;0;0;0;348
12/10/2024 8:00;16;13;2;2;7;6;15;12;804
12/10/2024 9:00;77;58;15;6;46;30;71;47;1735
12/10/2024 10:00;100;89;25;16;40;40;85;84;3417
12/10/2024 11:00;104;89;21;17;54;45;90;78;5588
12/10/2024 12:00;154;137;27;22;81;72;127;115;7095
12/10/2024 13:00;171;176;39;32;101;90;143;141;9028
12/10/2024 14:00;162;176;33;34;90;92;134;142;10691
12/10/2024 15:00;158;145;34;23;83;80;131;121;10710
12/10/2024 16:00;162;149;23;18;95;81;134;124;10495
12/10/2024 17:00;136;179;23;25;65;93;110;140;10029
12/10/2024 18:00;82;102;17;20;40;48;66;88;9595
12/10/2024 19:00;26;42;3;7;12;23;21;38;4009
12/10/2024 20:00;0;1;0;1;0;0;0;1;2412
12/10/2024 21:00;0;1;0;0;0;0;0;1;1378
12/10/2024 22:00;0;0;0;0;0;0;0;0;1140
12/10/2024 23:00;0;0;0;0;0;0;0;0;640
13/10/2024 0:00;0;0;0;0;0;0;0;0;261
13/10/2024 1:00;0;0;0;0;0;0;0;0;265
13/10/2024 2:00;0;0;0;0;0;0;0;0;104
13/10/2024 3:00;0;0;0;0;0;0;0;0;53
13/10/2024 4:00;0;0;0;0;0;0;0;0;43
13/10/2024 5:00;0;0;0;0;0;0;0;0;81
13/10/2024 6:00;0;0;0;0;0;0;0;0;116
13/10/2024 7:00;0;0;0;0;0;0;0;0;125
13/10/2024 8:00;0;0;0;0;0;0;0;0;309
13/10/2024 9:00;20;9;5;2;7;3;18;9;774
13/10/2024 10:00;43;39;13;9;17;19;38;34;1205
13/10/2024 11:00;48;52;12;11;24;23;41;48;1665
13/10/2024 12:00;44;44;15;7;17;14;38;37;1984
13/10/2024 13:00;55;55;9;8;28;29;50;46;2240
13/10/2024 14:00;58;48;12;5;28;25;48;40;2325
13/10/2024 15:00;60;72;21;10;22;31;56;61;2599
13/10/2024 16:00;21;38;7;8;10;15;19;34;2308
13/10/2024 17:00;0;0;0;0;0;0;0;0;1912
13/10/2024 18:00;0;0;0;0;0;0;0;0;2006
13/10/2024 19:00;0;0;0;0;0;0;0;0;1551
13/10/2024 20:00;0;0;0;0;0;0;0;0;1035
13/10/2024 21:00;0;0;0;0;0;0;0;0;1030
13/10/2024 22:00;0;0;0;0;0;0;0;0;598
13/10/2024 23:00;0;0;0;0;0;0;0;0;351
14/10/2024 0:00;0;0;0;0;0;0;0;0;130
14/10/2024 1:00;0;0;0;0;0;0;0;0;57
14/10/2024 2:00;0;0;0;0;0;0;0;0;20
14/10/2024 3:00;0;0;0;0;0;0;0;0;60
14/10/2024 4:00;0;0;0;0;0;0;0;0;21
14/10/2024 5:00;0;0;0;0;0;0;0;0;99
14/10/2024 6:00;0;0;0;0;0;0;0;0;253
14/10/2024 7:00;16;12;7;4;5;4;16;12;881
14/10/2024 8:00;52;39;15;9;28;16;52;37;1904
14/10/2024 9:00;95;75;19;16;48;30;84;71;2248
14/10/2024 10:00;97;88;23;15;37;39;83;78;2267
14/10/2024 11:00;75;75;18;19;21;25;69;65;2261
14/10/2024 12:00;160;149;45;38;74;60;140;133;4798
14/10/2024 13:00;133;158;31;29;59;68;115;137;5105
14/10/2024 14:00;110;117;16;17;60;65;98;106;3210
14/10/2024 15:00;71;76;8;12;27;34;64;70;3495
14/10/2024 16:00;57;68;10;9;25;35;53;61;5879
14/10/2024 17:00;53;69;5;7;30;43;49;62;6116
14/10/2024 18:00;58;71;12;9;30;39;55;63;5773
14/10/2024 19:00;17;39;2;6;9;20;17;36;3051
14/10/2024 20:00;0;0;0;0;0;0;0;0;1545
14/10/2024 21:00;1;2;0;0;0;1;1;2;1156
14/10/2024 22:00;0;0;0;0;0;0;0;0;625
14/10/2024 23:00;0;0;0;0;0;0;0;0;501
15/10/2024 0:00;0;0;0;0;0;0;0;0;96
15/10/2024 1:00;0;0;0;0;0;0;0;0;40
15/10/2024 2:00;0;0;0;0;0;0;0;0;27
15/10/2024 3:00;0;0;0;0;0;0;0;0;16
15/10/2024 4:00;0;0;0;0;0;0;0;0;20
15/10/2024 5:00;0;0;0;0;0;0;0;0;102
15/10/2024 6:00;2;0;1;0;1;0;2;0;221
15/10/2024 7:00;33;21;9;7;6;6;33;21;1075
15/10/2024 8:00;81;61;11;12;46;31;76;57;2392
15/10/2024 9:00;90;87;22;16;51;39;83;76;2590
15/10/2024 10:00;86;84;28;22;42;37;75;73;3223
15/10/2024 11:00;78;73;17;19;37;34;73;68;4006
15/10/2024 12:00;206;178;59;52;109;83;175;156;8393
15/10/2024 13:00;196;209;54;40;116;125;170;182;7463
15/10/2024 14:00;102;122;23;21;65;68;92;107;5928
15/10/2024 15:00;74;61;12;9;38;36;65;58;6590
15/10/2024 16:00;92;98;21;12;47;58;78;86;7828
15/10/2024 17:00;95;110;19;14;56;65;81;91;7998
15/10/2024 18:00;109;127;19;21;52;63;94;112;7549
15/10/2024 19:00;24;43;4;7;13;17;22;36;3962
15/10/2024 20:00;3;4;2;2;1;2;2;4;1818
15/10/2024 21:00;1;1;0;0;1;1;1;1;1386
15/10/2024 22:00;0;0;0;0;0;0;0;0;975
15/10/2024 23:00;0;0;0;0;0;0;0;0;479
16/10/2024 0:00;0;0;0;0;0;0;0;0;126
16/10/2024 1:00;0;0;0;0;0;0;0;0;52
16/10/2024 2:00;0;0;0;0;0;0;0;0;31
16/10/2024 3:00;0;0;0;0;0;0;0;0;15
16/10/2024 4:00;0;0;0;0;0;0;0;0;12
16/10/2024 5:00;0;0;0;0;0;0;0;0;107
16/10/2024 6:00;0;0;0;0;0;0;0;0;297
16/10/2024 7:00;19;11;3;3;10;5;19;10;1043
16/10/2024 8:00;66;50;12;6;39;30;64;49;2398
16/10/2024 9:00;87;75;26;24;37;30;82;71;2485
16/10/2024 10:00;52;64;16;14;24;29;49;58;3227
16/10/2024 11:00;80;85;16;14;47;46;76;79;4260
16/10/2024 12:00;164;138;26;24;98;86;145;121;8096
16/10/2024 13:00;190;185;39;33;103;103;159;155;9132
16/10/2024 14:00;79;102;19;13;45;56;73;92;6752
16/10/2024 15:00;93;93;24;19;49;46;76;82;7432
16/10/2024 16:00;73;80;15;12;47;48;65;72;7670
16/10/2024 17:00;86;99;16;16;51;63;80;89;8920
16/10/2024 18:00;55;64;8;10;30;36;49;53;7015
16/10/2024 19:00;13;37;0;7;7;19;12;37;4652
16/10/2024 20:00;0;0;0;0;0;0;0;0;2019
16/10/2024 21:00;0;0;0;0;0;0;0;0;1482
16/10/2024 22:00;0;0;0;0;0;0;0;0;1100
16/10/2024 23:00;0;0;0;0;0;0;0;0;753
17/10/2024 0:00;0;0;0;0;0;0;0;0;245
17/10/2024 1:00;0;0;0;0;0;0;0;0;77
17/10/2024 2:00;0;0;0;0;0;0;0;0;37
17/10/2024 3:00;0;0;0;0;0;0;0;0;18
17/10/2024 4:00;0;0;0;0;0;0;0;0;19
17/10/2024 5:00;0;0;0;0;0;0;0;0;86
17/10/2024 6:00;0;0;0;0;0;0;0;0;288
17/10/2024 7:00;14;12;3;3;3;3;12;11;973
17/10/2024 8:00;60;47;9;6;35;25;56;44;2282
17/10/2024 9:00;98;81;21;14;45;41;90;73;2688
17/10/2024 10:00;100;107;24;19;57;48;89;99;3191
17/10/2024 11:00;59;56;15;15;36;27;54;50;4082
17/10/2024 12:00;203;169;51;40;118;99;176;144;7783
17/10/2024 13:00;167;196;36;38;97;115;147;169;6883
17/10/2024 14:00;99;92;22;13;58;52;86;83;6440
17/10/2024 15:00;85;80;21;16;41;47;72;67;6612
17/10/2024 16:00;86;102;14;16;51;59;74;90;7932
17/10/2024 17:00;56;64;13;16;35;33;53;58;8244
17/10/2024 18:00;47;65;8;11;25;30;42;52;7516
17/10/2024 19:00;22;39;0;6;11;15;20;38;3594
17/10/2024 20:00;0;0;0;0;0;0;0;0;1758
17/10/2024 21:00;0;0;0;0;0;0;0;0;1325
17/10/2024 22:00;0;0;0;0;0;0;0;0;1061
17/10/2024 23:00;0;0;0;0;0;0;0;0;594
18/10/2024 0:00;0;0;0;0;0;0;0;0;232
18/10/2024 1:00;0;0;0;0;0;0;0;0;61
18/10/2024 2:00;0;0;0;0;0;0;0;0;52
18/10/2024 3:00;0;0;0;0;0;0;0;0;46
18/10/2024 4:00;0;0;0;0;0;0;0;0;53
18/10/2024 5:00;0;0;0;0;0;0;0;0;137
18/10/2024 6:00;0;0;0;0;0;0;0;0;224
18/10/2024 7:00;19;8;5;2;5;4;18;8;999
18/10/2024 8:00;74;59;13;14;38;25;71;55;2675
18/10/2024 9:00;90;79;29;20;41;32;79;71;2792
18/10/2024 10:00;91;101;17;20;52;51;80;88;3275
18/10/2024 11:00;98;87;25;19;52;49;89;79;4187
18/10/2024 12:00;180;153;36;31;105;93;155;139;7298
18/10/2024 13:00;166;186;33;31;96;111;148;159;7558
18/10/2024 14:00;106;108;18;17;70;57;90;94;8519
18/10/2024 15:00;73;85;13;14;43;52;68;73;8025
18/10/2024 16:00;79;79;11;13;51;53;64;69;8952
18/10/2024 17:00;66;81;12;16;38;44;53;70;8898
18/10/2024 18:00;70;73;10;15;39;38;62;64;7905
18/10/2024 19:00;19;44;3;7;8;22;17;36;4240
18/10/2024 20:00;1;3;0;0;1;2;0;3;2539
18/10/2024 21:00;0;0;0;0;0;0;0;0;1996
18/10/2024 22:00;0;0;0;0;0;0;0;0;1468
18/10/2024 23:00;0;0;0;0;0;0;0;0;1160
19/10/2024 0:00;0;0;0;0;0;0;0;0;455
19/10/2024 1:00;0;0;0;0;0;0;0;0;98
19/10/2024 2:00;0;0;0;0;0;0;0;0;58
19/10/2024 3:00;0;0;0;0;0;0;0;0;29
19/10/2024 4:00;0;0;0;0;0;0;0;0;34
19/10/2024 5:00;0;0;0;0;0;0;0;0;64
19/10/2024 6:00;0;0;0;0;0;0;0;0;137
19/10/2024 7:00;1;1;0;0;1;1;1;1;451
19/10/2024 8:00;18;13;4;2;10;5;17;12;734
19/10/2024 9:00;61;52;17;11;36;29;55;48;1869
19/10/2024 10:00;105;90;33;21;45;38;90;80;3907
19/10/2024 11:00;124;104;26;27;60;54;104;87;6142
19/10/2024 12:00;152;162;34;24;82;82;123;133;8087
19/10/2024 13:00;180;162;43;31;102;90;138;128;9073
19/10/2024 14:00;147;178;24;33;80;92;120;139;10839
19/10/2024 15:00;129;127;25;21;82;74;103;102;11341
19/10/2024 16:00;153;153;32;26;94;97;121;126;12261
19/10/2024 17:00;121;132;15;18;68;76;101;113;11437
19/10/2024 18:00;70;90;9;12;40;53;59;69;9913
19/10/2024 19:00;33;48;8;9;14;19;28;40;5196
19/10/2024 20:00;0;1;0;0;0;1;0;1;3221
19/10/2024 21:00;0;0;0;0;0;0;0;0;2065
19/10/2024 22:00;0;0;0;0;0;0;0;0;1469
19/10/2024 23:00;0;0;0;0;0;0;0;0;1188
20/10/2024 0:00;0;0;0;0;0;0;0;0;641
20/10/2024 1:00;0;0;0;0;0;0;0;0;300
20/10/2024 2:00;0;0;0;0;0;0;0;0;162
20/10/2024 3:00;0;0;0;0;0;0;0;0;88
20/10/2024 4:00;0;0;0;0;0;0;0;0;110
20/10/2024 5:00;0;0;0;0;0;0;0;0;72
20/10/2024 6:00;0;0;0;0;0;0;0;0;106
20/10/2024 7:00;0;0;0;0;0;0;0;0;168
20/10/2024 8:00;0;0;0;0;0;0;0;0;493
20/10/2024 9:00;11;8;3;1;3;3;11;8;648
20/10/2024 10:00;35;21;14;7;13;10;27;18;1043
20/10/2024 11:00;48;54;21;21;16;17;40;44;1784
20/10/2024 12:00;53;50;15;13;24;17;47;43;1853
20/10/2024 13:00;57;60;14;12;31;34;46;54;2153
20/10/2024 14:00;30;37;10;8;13;17;26;29;2394
20/10/2024 15:00;51;49;6;3;33;29;42;42;3135
20/10/2024 16:00;22;32;6;5;14;19;17;25;3112
20/10/2024 17:00;0;0;0;0;0;0;0;0;2560
20/10/2024 18:00;0;0;0;0;0;0;0;0;2304
20/10/2024 19:00;0;0;0;0;0;0;0;0;1824
20/10/2024 20:00;0;0;0;0;0;0;0;0;1266
20/10/2024 21:00;0;0;0;0;0;0;0;0;1207
20/10/2024 22:00;0;0;0;0;0;0;0;0;637
20/10/2024 23:00;0;0;0;0;0;0;0;0;523
21/10/2024 0:00;0;0;0;0;0;0;0;0;124
21/10/2024 1:00;0;0;0;0;0;0;0;0;31
21/10/2024 2:00;0;0;0;0;0;0;0;0;19
21/10/2024 3:00;0;0;0;0;0;0;0;0;11
21/10/2024 4:00;0;0;0;0;0;0;0;0;5
21/10/2024 5:00;0;0;0;0;0;0;0;0;47
21/10/2024 6:00;1;0;1;0;0;0;1;0;256
21/10/2024 7:00;17;10;4;4;7;2;16;10;594
21/10/2024 8:00;41;40;11;12;12;8;42;38;1435
21/10/2024 9:00;70;55;11;14;25;16;65;50;1227
21/10/2024 10:00;60;54;15;10;11;20;54;52;1119
21/10/2024 11:00;83;89;15;19;34;33;74;79;2019
21/10/2024 12:00;152;136;21;22;65;62;135;122;3922
21/10/2024 13:00;169;176;33;33;86;91;152;153;5906
21/10/2024 14:00;90;97;24;23;39;50;76;84;5194
21/10/2024 15:00;83;95;10;11;34;41;67;79;3671
21/10/2024 16:00;71;78;10;7;39;37;57;66;5758
21/10/2024 17:00;66;84;9;10;35;50;54;67;6709
21/10/2024 18:00;58;86;11;15;27;44;49;76;6197
21/10/2024 19:00;17;30;5;8;6;13;16;28;3202
21/10/2024 20:00;0;0;0;0;0;0;0;0;1700
21/10/2024 21:00;0;0;0;0;0;0;0;0;987
21/10/2024 22:00;0;0;0;0;0;0;0;0;307
21/10/2024 23:00;0;0;0;0;0;0;0;0;363
22/10/2024 0:00;0;0;0;0;0;0;0;0;44
22/10/2024 1:00;0;0;0;0;0;0;0;0;33
22/10/2024 2:00;0;0;0;0;0;0;0;0;21
22/10/2024 3:00;0;0;0;0;0;0;0;0;8
22/10/2024 4:00;0;0;0;0;0;0;0;0;50
22/10/2024 5:00;0;0;0;0;0;0;0;0;100
22/10/2024 6:00;2;1;2;1;0;0;2;1;235
22/10/2024 7:00;22;16;4;4;14;6;20;14;724
22/10/2024 8:00;60;49;14;11;30;16;58;48;1871
22/10/2024 9:00;77;74;15;13;41;37;75;66;2255
22/10/2024 10:00;56;52;14;12;23;22;54;46;3020
22/10/2024 11:00;85;65;17;11;48;32;74;57;3898
22/10/2024 12:00;226;198;62;46;128;110;186;173;7456
22/10/2024 13:00;211;225;61;53;105;125;182;186;8159
22/10/2024 14:00;116;125;33;21;57;66;101;113;7084
22/10/2024 15:00;117;108;26;22;58;60;98;89;8913
22/10/2024 16:00;84;100;9;15;52;54;74;85;8646
22/10/2024 17:00;84;101;12;14;49;57;71;87;7832
22/10/2024 18:00;69;79;11;11;39;41;61;69;7530
22/10/2024 19:00;33;51;8;10;15;28;29;43;4296
22/10/2024 20:00;0;1;0;1;0;0;0;1;2169
22/10/2024 21:00;0;1;0;0;0;0;0;1;1373
22/10/2024 22:00;0;0;0;0;0;0;0;0;991
22/10/2024 23:00;0;0;0;0;0;0;0;0;699
23/10/2024 0:00;0;0;0;0;0;0;0;0;269
23/10/2024 1:00;0;0;0;0;0;0;0;0;80
23/10/2024 2:00;0;0;0;0;0;0;0;0;17
23/10/2024 3:00;0;0;0;0;0;0;0;0;35
23/10/2024 4:00;0;0;0;0;0;0;0;0;58
23/10/2024 5:00;0;0;0;0;0;0;0;0;151
23/10/2024 6:00;0;0;0;0;0;0;0;0;324
23/10/2024 7:00;18;12;5;3;8;5;17;11;671
23/10/2024 8:00;39;33;10;9;19;13;37;33;1599
23/10/2024 9:00;101;74;28;16;48;32;94;71;2908
23/10/2024 10:00;73;79;20;18;40;33;66;67;3327
23/10/2024 11:00;87;85;29;18;43;36;77;76;4893
23/10/2024 12:00;151;126;34;34;88;71;134;116;6680
23/10/2024 13:00;178;189;41;34;96;115;153;158;6813
23/10/2024 14:00;104;110;34;22;45;58;91;99;6506
23/10/2024 15:00;88;93;23;22;47;47;79;81;7813
23/10/2024 16:00;83;92;11;12;55;64;68;77;8645
23/10/2024 17:00;98;113;20;22;53;61;86;103;9083
23/10/2024 18:00;59;74;13;15;23;33;55;67;7851
23/10/2024 19:00;18;39;0;1;11;20;17;35;4754
23/10/2024 20:00;0;0;0;0;0;0;0;0;2828
23/10/2024 21:00;0;0;0;0;0;0;0;0;1187
23/10/2024 22:00;0;0;0;0;0;0;0;0;950
23/10/2024 23:00;0;0;0;0;0;0;0;0;806
24/10/2024 0:00;0;0;0;0;0;0;0;0;216
24/10/2024 1:00;0;0;0;0;0;0;0;0;73
24/10/2024 2:00;0;0;0;0;0;0;0;0;34
24/10/2024 3:00;0;0;0;0;0;0;0;0;28
24/10/2024 4:00;0;0;0;0;0;0;0;0;20
24/10/2024 5:00;0;0;0;0;0;0;0;0;75
24/10/2024 6:00;0;0;0;0;0;0;0;0;294
24/10/2024 7:00;18;12;2;2;8;2;18;11;606
24/10/2024 8:00;68;48;22;17;31;18;63;46;1922
24/10/2024 9:00;81;66;16;17;41;29;73;61;2387
24/10/2024 10:00;98;95;30;27;41;46;82;86;3030
24/10/2024 11:00;92;95;19;21;49;44;83;84;4335
24/10/2024 12:00;191;180;40;38;103;91;167;168;7230
24/10/2024 13:00;172;167;33;25;101;102;150;149;8241
24/10/2024 14:00;107;131;28;31;60;73;95;114;6897
24/10/2024 15:00;70;75;11;6;41;42;58;64;7245
24/10/2024 16:00;78;82;16;14;42;45;65;68;8224
24/10/2024 17:00;75;96;9;10;48;58;65;87;8420
24/10/2024 18:00;73;77;18;17;41;41;65;68;7796
24/10/2024 19:00;40;61;4;8;18;31;37;52;4533
24/10/2024 20:00;3;10;0;0;1;4;3;10;2422
24/10/2024 21:00;0;1;0;0;0;0;0;1;1413
24/10/2024 22:00;0;0;0;0;0;0;0;0;1159
24/10/2024 23:00;0;0;0;0;0;0;0;0;945
25/10/2024 0:00;0;0;0;0;0;0;0;0;207
25/10/2024 1:00;0;0;0;0;0;0;0;0;87
25/10/2024 2:00;0;0;0;0;0;0;0;0;32
25/10/2024 3:00;0;0;0;0;0;0;0;0;24
25/10/2024 4:00;0;0;0;0;0;0;0;0;11
25/10/2024 5:00;0;0;0;0;0;0;0;0;110
25/10/2024 6:00;0;0;0;0;0;0;0;0;283
25/10/2024 7:00;14;10;5;3;4;5;13;10;761
25/10/2024 8:00;42;29;11;7;19;11;41;28;1519
25/10/2024 9:00;90;67;19;11;46;31;85;65;3082
25/10/2024 10:00;63;76;16;14;32;33;59;72;3321
25/10/2024 11:00;82;79;12;14;46;37;68;71;5022
25/10/2024 12:00;164;130;31;26;85;70;139;117;6770
25/10/2024 13:00;152;169;33;28;89;99;130;142;7285
25/10/2024 14:00;106;101;21;15;64;59;90;89;6588
25/10/2024 15:00;92;102;11;22;52;57;81;88;8242
25/10/2024 16:00;83;93;10;9;55;57;73;82;9588
25/10/2024 17:00;89;93;10;9;63;59;75;81;9744
25/10/2024 18:00;83;87;17;18;41;47;70;72;8281
25/10/2024 19:00;30;49;5;11;20;24;26;43;5367
25/10/2024 20:00;0;1;0;0;0;0;0;1;3007
25/10/2024 21:00;1;1;0;0;0;0;1;1;1803
25/10/2024 22:00;0;0;0;0;0;0;0;0;1431
25/10/2024 23:00;0;0;0;0;0;0;0;0;1283
26/10/2024 0:00;0;0;0;0;0;0;0;0;451
26/10/2024 1:00;0;0;0;0;0;0;0;0;181
26/10/2024 2:00;0;0;0;0;0;0;0;0;186
26/10/2024 3:00;0;0;0;0;0;0;0;0;115
26/10/2024 4:00;0;0;0;0;0;0;0;0;58
26/10/2024 5:00;0;0;0;0;0;0;0;0;151
26/10/2024 6:00;0;0;0;0;0;0;0;0;298
26/10/2024 7:00;0;0;0;0;0;0;0;0;379
26/10/2024 8:00;18;10;3;2;7;5;15;10;731
26/10/2024 9:00;55;51;9;13;26;22;51;46;1932
26/10/2024 10:00;61;60;15;13;36;31;55;53;3242
26/10/2024 11:00;99;87;25;19;55;47;82;72;6070
26/10/2024 12:00;151;139;32;24;85;81;121;115;7548
26/10/2024 13:00;175;166;47;40;97;81;128;129;8451
26/10/2024 14:00;131;150;29;22;72;92;113;119;9468
26/10/2024 15:00;146;148;24;27;95;93;116;121;11687
26/10/2024 16:00;168;165;37;23;93;102;131;141;12518
26/10/2024 17:00;112;126;23;20;54;76;87;102;11433
26/10/2024 18:00;66;83;10;13;40;44;59;68;9556
26/10/2024 19:00;43;56;8;10;17;28;40;49;5690
26/10/2024 20:00;0;2;0;1;0;0;0;2;3013
26/10/2024 21:00;1;0;0;0;0;0;1;0;1853
26/10/2024 22:00;0;0;0;0;0;0;0;0;1351
26/10/2024 23:00;0;0;0;0;0;0;0;0;1266
27/10/2024 0:00;0;0;0;0;0;0;0;0;581
27/10/2024 1:00;0;0;0;0;0;0;0;0;185
27/10/2024 2:00;0;0;0;0;0;0;0;0;173
27/10/2024 3:00;0;0;0;0;0;0;0;0;111
27/10/2024 4:00;0;0;0;0;0;0;0;0;102
27/10/2024 5:00;0;0;0;0;0;0;0;0;29
27/10/2024 6:00;0;0;0;0;0;0;0;0;56
27/10/2024 7:00;0;0;0;0;0;0;0;0;111
27/10/2024 8:00;0;0;0;0;0;0;0;0;268
27/10/2024 9:00;0;0;0;0;0;0;0;0;492
27/10/2024 10:00;32;15;13;5;8;8;29;13;1441
27/10/2024 11:00;42;50;17;18;16;18;35;44;2080
27/10/2024 12:00;43;34;12;7;20;12;32;32;2463
27/10/2024 13:00;36;43;12;9;19;24;33;39;3399
27/10/2024 14:00;55;55;15;13;23;26;43;48;3430
27/10/2024 15:00;32;25;16;10;11;8;29;21;3254
27/10/2024 16:00;43;49;13;11;20;23;39;44;4036
27/10/2024 17:00;16;24;4;7;8;13;14;19;4081
27/10/2024 18:00;0;0;0;0;0;0;0;0;3862
27/10/2024 19:00;0;0;0;0;0;0;0;0;2563
27/10/2024 20:00;0;0;0;0;0;0;0;0;2406
27/10/2024 21:00;0;0;0;0;0;0;0;0;2085
27/10/2024 22:00;0;0;0;0;0;0;0;0;1246
27/10/2024 23:00;0;0;0;0;0;0;0;0;1309
28/10/2024 0:00;0;0;0;0;0;0;0;0;911
28/10/2024 1:00;0;0;0;0;0;0;0;0;179
28/10/2024 2:00;0;0;0;0;0;0;0;0;56
28/10/2024 3:00;0;0;0;0;0;0;0;0;101
28/10/2024 4:00;0;0;0;0;0;0;0;0;145
28/10/2024 5:00;0;0;0;0;0;0;0;0;53
28/10/2024 6:00;0;0;0;0;0;0;0;0;235
28/10/2024 7:00;1;0;0;0;0;0;1;0;544
28/10/2024 8:00;16;9;5;4;5;3;15;9;1224
28/10/2024 9:00;63;52;16;10;34;29;58;48;2633
28/10/2024 10:00;70;61;25;16;36;30;59;53;3706
28/10/2024 11:00;66;67;16;18;36;29;58;54;5320
28/10/2024 12:00;100;98;35;22;41;46;87;87;8509
28/10/2024 13:00;218;197;46;38;129;113;173;164;12773
28/10/2024 14:00;186;187;35;27;117;115;153;159;12333
28/10/2024 15:00;115;126;18;21;71;74;92;107;10747
28/10/2024 16:00;99;114;22;17;58;69;80;91;12631
28/10/2024 17:00;97;93;21;14;55;49;77;76;13245
28/10/2024 18:00;75;102;12;17;36;48;64;78;12696
28/10/2024 19:00;54;62;9;8;26;31;46;53;9168
28/10/2024 20:00;24;41;2;4;12;23;22;34;5813
28/10/2024 21:00;2;3;1;1;1;1;2;3;2607
28/10/2024 22:00;0;0;0;0;0;0;0;0;1927
28/10/2024 23:00;0;0;0;0;0;0;0;0;1229
29/10/2024 0:00;0;0;0;0;0;0;0;0;734
29/10/2024 1:00;0;0;0;0;0;0;0;0;219
29/10/2024 2:00;1;1;0;0;1;1;1;1;64
29/10/2024 3:00;0;0;0;0;0;0;0;0;31
29/10/2024 4:00;0;0;0;0;0;0;0;0;9
29/10/2024 5:00;0;0;0;0;0;0;0;0;50
29/10/2024 6:00;0;0;0;0;0;0;0;0;381
29/10/2024 7:00;0;0;0;0;0;0;0;0;429
29/10/2024 8:00;9;4;5;2;0;0;9;4;1221
29/10/2024 9:00;62;45;14;9;27;15;59;44;2471
29/10/2024 10:00;81;71;14;14;48;31;76;65;3602
29/10/2024 11:00;72;72;15;11;38;30;64;61;5212
29/10/2024 12:00;85;81;18;15;42;44;72;70;6935
29/10/2024 13:00;257;221;56;41;138;121;212;190;11914
29/10/2024 14:00;216;250;31;32;130;140;185;208;11842
29/10/2024 15:00;114;121;19;20;62;65;96;107;9171
29/10/2024 16:00;98;88;8;17;55;38;77;74;8665
29/10/2024 17:00;63;84;6;8;29;44;46;67;9921
29/10/2024 18:00;64;85;9;9;19;39;56;73;10055
29/10/2024 19:00;51;55;5;8;24;25;47;49;8145
29/10/2024 20:00;21;38;2;5;7;19;19;32;4667
29/10/2024 21:00;0;0;0;0;0;0;0;0;2240
29/10/2024 22:00;0;0;0;0;0;0;0;0;1247
29/10/2024 23:00;0;0;0;0;0;0;0;0;1267
30/10/2024 0:00;0;0;0;0;0;0;0;0;0
30/10/2024 1:00;0;0;0;0;0;0;0;0;0
30/10/2024 2:00;0;0;0;0;0;0;0;0;0
30/10/2024 3:00;0;0;0;0;0;0;0;0;18
30/10/2024 4:00;0;0;0;0;0;0;0;0;20
30/10/2024 5:00;0;0;0;0;0;0;0;0;32
30/10/2024 6:00;0;0;0;0;0;0;0;0;231
30/10/2024 7:00;0;0;0;0;0;0;0;0;422
30/10/2024 8:00;13;7;4;4;4;3;12;7;954
30/10/2024 9:00;48;43;9;10;26;19;46;41;1837
30/10/2024 10:00;94;87;20;16;53;44;81;80;2535
30/10/2024 11:00;95;89;19;14;43;51;77;76;3909
30/10/2024 12:00;66;81;8;10;32;47;62;75;5001
30/10/2024 13:00;154;124;26;23;87;68;126;107;8184
30/10/2024 14:00;183;201;37;39;74;108;154;169;8697
30/10/2024 15:00;98;112;13;12;50;61;81;95;8152
30/10/2024 16:00;112;108;18;23;53;61;93;93;8750
30/10/2024 17:00;92;112;16;18;47;57;77;87;11815
30/10/2024 18:00;82;117;12;20;45;66;67;96;11352
30/10/2024 19:00;76;81;13;16;34;40;66;71;8599
30/10/2024 20:00;39;72;8;16;17;40;33;62;5886
30/10/2024 21:00;2;2;0;0;1;2;2;2;2621
30/10/2024 22:00;1;1;0;0;1;1;1;1;1828
30/10/2024 23:00;0;0;0;0;0;0;0;0;1297
31/10/2024 0:00;0;0;0;0;0;0;0;0;211
31/10/2024 1:00;0;0;0;0;0;0;0;0;386
31/10/2024 2:00;0;0;0;0;0;0;0;0;94
31/10/2024 3:00;0;0;0;0;0;0;0;0;92
31/10/2024 4:00;0;0;0;0;0;0;0;0;73
31/10/2024 5:00;0;0;0;0;0;0;0;0;86
31/10/2024 6:00;0;0;0;0;0;0;0;0;167
31/10/2024 7:00;0;0;0;0;0;0;0;0;476
31/10/2024 8:00;18;16;6;5;4;2;18;16;990
31/10/2024 9:00;53;45;13;4;27;21;48;42;2239
31/10/2024 10:00;93;89;31;24;44;33;78;79;3011
31/10/2024 11:00;74;63;20;20;32;28;66;56;4573
31/10/2024 12:00;84;93;12;14;46;52;73;81;5746
31/10/2024 13:00;217;194;50;36;107;115;173;163;8604
31/10/2024 14:00;180;202;34;41;96;106;150;167;9826
31/10/2024 15:00;128;137;21;25;64;86;101;117;9790
31/10/2024 16:00;87;96;22;17;38;54;72;78;11515
31/10/2024 17:00;97;105;16;18;57;54;80;89;12997
31/10/2024 18:00;66;97;12;20;39;54;59;81;13192
31/10/2024 19:00;48;67;4;10;23;33;40;55;10401
31/10/2024 20:00;20;42;3;6;10;21;18;38;6627
31/10/2024 21:00;1;2;0;0;1;1;1;2;3658
31/10/2024 22:00;0;0;0;0;0;0;0;0;2628
31/10/2024 23:00;0;0;0;0;0;0;0;0;1612
1/11/2024 0:00;0;0;0;0;0;0;0;0;1219
1/11/2024 1:00;0;0;0;0;0;0;0;0;606
1/11/2024 2:00;0;0;0;0;0;0;0;0;233
1/11/2024 3:00;0;0;0;0;0;0;0;0;225
1/11/2024 4:00;0;0;0;0;0;0;0;0;528
1/11/2024 5:00;0;0;0;0;0;0;0;0;201
1/11/2024 6:00;0;0;0;0;0;0;0;0;243
1/11/2024 7:00;0;0;0;0;0;0;0;0;228
1/11/2024 8:00;0;0;0;0;0;0;0;0;559
1/11/2024 9:00;0;0;0;0;0;0;0;0;634
1/11/2024 10:00;25;25;10;5;5;3;22;21;1229
1/11/2024 11:00;75;78;26;24;24;23;67;68;1778
1/11/2024 12:00;49;44;12;10;23;18;45;40;2907
1/11/2024 13:00;64;56;11;8;27;23;54;46;3381
1/11/2024 14:00;67;78;19;16;22;33;56;62;3937
1/11/2024 15:00;53;61;15;17;18;25;47;53;4656
1/11/2024 16:00;39;44;6;6;20;20;34;39;5137
1/11/2024 17:00;35;42;6;6;15;28;28;32;4868
1/11/2024 18:00;0;0;0;0;0;0;0;0;3779
1/11/2024 19:00;0;0;0;0;0;0;0;0;4080
1/11/2024 20:00;0;0;0;0;0;0;0;0;3175
1/11/2024 21:00;0;0;0;0;0;0;0;0;2399
1/11/2024 22:00;0;0;0;0;0;0;0;0;1637
1/11/2024 23:00;0;0;0;0;0;0;0;0;1608
2/11/2024 0:00;0;0;0;0;0;0;0;0;1073
2/11/2024 1:00;0;0;0;0;0;0;0;0;356
2/11/2024 2:00;0;0;0;0;0;0;0;0;155
2/11/2024 3:00;0;0;0;0;0;0;0;0;66
2/11/2024 4:00;0;0;0;0;0;0;0;0;98
2/11/2024 5:00;0;0;0;0;0;0;0;0;50
2/11/2024 6:00;0;0;0;0;0;0;0;0;179
2/11/2024 7:00;0;0;0;0;0;0;0;0;181
2/11/2024 8:00;0;0;0;0;0;0;0;0;319
2/11/2024 9:00;18;15;5;2;8;9;16;15;945
2/11/2024 10:00;76;60;22;13;28;22;68;56;2596
2/11/2024 11:00;80;79;17;19;33;35;68;68;5206
2/11/2024 12:00;133;124;25;24;60;52;100;101;8681
2/11/2024 13:00;178;166;32;29;84;84;138;134;10489
2/11/2024 14:00;200;208;36;26;110;117;152;179;13382
2/11/2024 15:00;172;204;24;32;92;114;135;155;14401
2/11/2024 16:00;173;178;26;26;97;104;132;147;16459
2/11/2024 17:00;127;160;20;22;70;95;99;124;16214
2/11/2024 18:00;67;100;10;16;31;51;60;84;14465
2/11/2024 19:00;61;64;12;12;26;36;54;60;11286
2/11/2024 20:00;21;40;5;8;9;18;18;35;6661
2/11/2024 21:00;0;0;0;0;0;0;0;0;3474
2/11/2024 22:00;1;1;0;0;0;0;1;1;2251
2/11/2024 23:00;0;0;0;0;0;0;0;0;2141
3/11/2024 0:00;0;0;0;0;0;0;0;0;1362
3/11/2024 1:00;0;0;0;0;0;0;0;0;1010
3/11/2024 2:00;0;0;0;0;0;0;0;0;205
3/11/2024 3:00;0;0;0;0;0;0;0;0;110
3/11/2024 4:00;0;0;0;0;0;0;0;0;57
3/11/2024 5:00;0;0;0;0;0;0;0;0;90
3/11/2024 6:00;0;0;0;0;0;0;0;0;281
3/11/2024 7:00;0;0;0;0;0;0;0;0;142
3/11/2024 8:00;0;0;0;0;0;0;0;0;279
3/11/2024 9:00;0;0;0;0;0;0;0;0;630
3/11/2024 10:00;31;24;7;8;10;7;27;21;1018
3/11/2024 11:00;36;36;13;9;9;15;32;33;1393
3/11/2024 12:00;46;32;15;8;16;11;37;29;1892
3/11/2024 13:00;54;69;7;12;28;30;47;58;2547
3/11/2024 14:00;62;62;20;18;19;23;51;54;2600
3/11/2024 15:00;37;32;8;3;19;19;33;25;2590
3/11/2024 16:00;44;47;10;9;23;28;37;42;3145
3/11/2024 17:00;25;46;8;9;7;21;23;38;3186
3/11/2024 18:00;0;0;0;0;0;0;0;0;2204
3/11/2024 19:00;0;0;0;0;0;0;0;0;2504
3/11/2024 20:00;0;0;0;0;0;0;0;0;1973
3/11/2024 21:00;0;0;0;0;0;0;0;0;1256
3/11/2024 22:00;0;0;0;0;0;0;0;0;1027
3/11/2024 23:00;0;0;0;0;0;0;0;0;774
4/11/2024 0:00;0;0;0;0;0;0;0;0;454
4/11/2024 1:00;0;0;0;0;0;0;0;0;184
4/11/2024 2:00;0;0;0;0;0;0;0;0;46
4/11/2024 3:00;0;0;0;0;0;0;0;0;56
4/11/2024 4:00;0;0;0;0;0;0;0;0;20
4/11/2024 5:00;0;0;0;0;0;0;0;0;26
4/11/2024 6:00;0;0;0;0;0;0;0;0;152
4/11/2024 7:00;0;0;0;0;0;0;0;0;269
4/11/2024 8:00;14;10;4;2;6;3;13;10;1259
4/11/2024 9:00;56;40;7;5;31;21;54;37;2265
4/11/2024 10:00;91;90;20;19;42;43;88;85;2658
4/11/2024 11:00;81;79;19;11;33;35;72;71;3356
4/11/2024 12:00;80;74;14;13;38;32;70;67;4738
4/11/2024 13:00;183;160;47;31;80;84;151;138;7520
4/11/2024 14:00;192;214;40;39;97;128;171;183;8058
4/11/2024 15:00;98;109;12;15;52;59;86;93;6675
4/11/2024 16:00;94;110;18;19;51;59;87;98;7869
4/11/2024 17:00;98;100;20;18;43;51;88;87;9196
4/11/2024 18:00;57;86;7;7;21;44;51;74;8666
4/11/2024 19:00;31;54;3;3;19;25;26;51;7319
4/11/2024 20:00;19;35;4;9;6;14;17;28;3747
4/11/2024 21:00;0;1;0;0;0;0;0;1;1822
4/11/2024 22:00;0;0;0;0;0;0;0;0;1509
4/11/2024 23:00;0;0;0;0;0;0;0;0;988
5/11/2024 0:00;0;0;0;0;0;0;0;0;555
5/11/2024 1:00;0;0;0;0;0;0;0;0;129
5/11/2024 2:00;0;0;0;0;0;0;0;0;82
5/11/2024 3:00;0;0;0;0;0;0;0;0;31
5/11/2024 4:00;0;0;0;0;0;0;0;0;59
5/11/2024 5:00;0;0;0;0;0;0;0;0;12
5/11/2024 6:00;0;0;0;0;0;0;0;0;213
5/11/2024 7:00;0;0;0;0;0;0;0;0;319
5/11/2024 8:00;18;16;3;1;9;7;18;14;1287
5/11/2024 9:00;53;38;10;5;23;17;51;38;2602
5/11/2024 10:00;89;87;18;15;43;38;83;83;3144
5/11/2024 11:00;72;83;15;14;22;30;66;72;3806
5/11/2024 12:00;73;70;16;15;37;32;66;62;5321
5/11/2024 13:00;192;176;37;31;91;88;165;155;8540
5/11/2024 14:00;185;211;32;20;99;112;154;169;8251
5/11/2024 15:00;104;123;21;24;51;59;91;106;6565
5/11/2024 16:00;82;97;10;12;45;50;75;86;7413
5/11/2024 17:00;65;93;14;16;25;42;63;83;8944
5/11/2024 18:00;43;79;2;8;23;39;40;71;9171
5/11/2024 19:00;51;74;5;12;23;34;45;63;7605
5/11/2024 20:00;13;30;1;4;8;19;13;24;3780
5/11/2024 21:00;3;4;3;3;0;0;3;4;2064
5/11/2024 22:00;1;1;0;0;0;0;1;1;1526
5/11/2024 23:00;0;0;0;0;0;0;0;0;858
6/11/2024 0:00;0;0;0;0;0;0;0;0;477
6/11/2024 1:00;0;0;0;0;0;0;0;0;221
6/11/2024 2:00;0;0;0;0;0;0;0;0;36
6/11/2024 3:00;0;0;0;0;0;0;0;0;16
6/11/2024 4:00;0;0;0;0;0;0;0;0;12
6/11/2024 5:00;0;0;0;0;0;0;0;0;29
6/11/2024 6:00;0;0;0;0;0;0;0;0;116
6/11/2024 7:00;0;0;0;0;0;0;0;0;300
6/11/2024 8:00;12;17;0;1;4;4;12;16;962
6/11/2024 9:00;39;36;10;7;9;15;39;35;2280
6/11/2024 10:00;87;70;17;20;31;28;82;63;2749
6/11/2024 11:00;57;91;9;10;21;30;51;81;3439
6/11/2024 12:00;62;59;12;10;25;27;57;52;4535
6/11/2024 13:00;173;172;29;24;74;87;153;153;8443
6/11/2024 14:00;167;183;22;26;83;98;143;155;8985
6/11/2024 15:00;95;113;14;20;43;48;84;98;6730
6/11/2024 16:00;91;93;13;12;45;51;83;82;8354
6/11/2024 17:00;59;65;8;12;24;24;51;60;8626
6/11/2024 18:00;54;78;6;8;26;38;48;67;8552
6/11/2024 19:00;51;56;7;7;19;25;48;48;7362
6/11/2024 20:00;25;54;4;11;10;22;20;43;4604
6/11/2024 21:00;3;8;0;0;2;3;2;7;2475
6/11/2024 22:00;0;0;0;0;0;0;0;0;1730
6/11/2024 23:00;0;0;0;0;0;0;0;0;1630
7/11/2024 0:00;0;0;0;0;0;0;0;0;748
7/11/2024 1:00;0;0;0;0;0;0;0;0;236
7/11/2024 2:00;0;0;0;0;0;0;0;0;90
7/11/2024 3:00;0;0;0;0;0;0;0;0;41
7/11/2024 4:00;0;0;0;0;0;0;0;0;30
7/11/2024 5:00;0;0;0;0;0;0;0;0;33
7/11/2024 6:00;0;0;0;0;0;0;0;0;178
7/11/2024 7:00;0;0;0;0;0;0;0;0;400
7/11/2024 8:00;16;13;2;3;3;3;16;13;1411
7/11/2024 9:00;53;52;13;9;25;29;51;46;2346
7/11/2024 10:00;72;76;14;17;31;30;67;71;2703
7/11/2024 11:00;78;66;11;7;35;31;65;59;3264
7/11/2024 12:00;84;83;25;16;24;34;74;74;4110
7/11/2024 13:00;195;183;35;34;103;99;164;153;8161
7/11/2024 14:00;209;225;23;25;124;131;182;186;8065
7/11/2024 15:00;95;142;13;18;53;78;80;123;7250
7/11/2024 16:00;59;60;7;8;37;33;50;50;7390
7/11/2024 17:00;39;50;3;10;19;27;38;46;8447
7/11/2024 18:00;58;90;12;9;24;38;50;82;8779
7/11/2024 19:00;41;68;9;13;10;30;34;60;7433
7/11/2024 20:00;21;44;1;8;13;20;20;41;4329
7/11/2024 21:00;0;2;0;0;0;1;0;2;2170
7/11/2024 22:00;0;0;0;0;0;0;0;0;1672
7/11/2024 23:00;0;0;0;0;0;0;0;0;1597
8/11/2024 0:00;0;0;0;0;0;0;0;0;855
8/11/2024 1:00;0;0;0;0;0;0;0;0;266
8/11/2024 2:00;0;0;0;0;0;0;0;0;136
8/11/2024 3:00;0;0;0;0;0;0;0;0;80
8/11/2024 4:00;0;0;0;0;0;0;0;0;16
8/11/2024 5:00;0;0;0;0;0;0;0;0;39
8/11/2024 6:00;0;0;0;0;0;0;0;0;216
8/11/2024 7:00;0;0;0;0;0;0;0;0;324
8/11/2024 8:00;19;18;7;8;2;2;19;18;1337
8/11/2024 9:00;40;52;10;9;15;23;39;49;2143
8/11/2024 10:00;75;59;19;12;37;26;68;54;2651
8/11/2024 11:00;75;93;15;25;26;35;70;84;2917
8/11/2024 12:00;67;80;16;17;18;26;64;78;4948
8/11/2024 13:00;144;146;26;29;42;51;131;126;7997
8/11/2024 14:00;154;183;33;33;63;80;131;158;7441
8/11/2024 15:00;91;108;15;19;41;54;79;97;7177
8/11/2024 16:00;62;84;4;9;32;43;56;77;8062
8/11/2024 17:00;83;98;16;19;34;48;73;91;9674
8/11/2024 18:00;76;96;9;13;32;44;67;79;9129
8/11/2024 19:00;58;91;6;12;23;46;48;78;8221
8/11/2024 20:00;22;34;2;4;8;15;22;27;5023
8/11/2024 21:00;1;3;1;0;0;1;1;3;3219
8/11/2024 22:00;0;0;0;0;0;0;0;0;2091
8/11/2024 23:00;0;0;0;0;0;0;0;0;1643
9/11/2024 0:00;0;0;0;0;0;0;0;0;1095
9/11/2024 1:00;0;0;0;0;0;0;0;0;461
9/11/2024 2:00;0;0;0;0;0;0;0;0;200
9/11/2024 3:00;0;0;0;0;0;0;0;0;160
9/11/2024 4:00;0;0;0;0;0;0;0;0;141
9/11/2024 5:00;0;0;0;0;0;0;0;0;71
9/11/2024 6:00;0;0;0;0;0;0;0;0;177
9/11/2024 7:00;0;0;0;0;0;0;0;0;184
9/11/2024 8:00;0;0;0;0;0;0;0;0;650
9/11/2024 9:00;20;12;6;3;9;4;18;11;863
9/11/2024 10:00;73;64;17;12;29;28;65;63;2310
9/11/2024 11:00;69;76;9;8;31;34;61;65;3790
9/11/2024 12:00;77;87;21;23;25;37;72;76;6730
9/11/2024 13:00;125;116;18;17;47;54;105;99;8862
9/11/2024 14:00;153;154;21;21;76;77;135;130;10924
9/11/2024 15:00;162;186;23;30;88;106;128;151;13170
9/11/2024 16:00;135;153;16;14;77;91;111;135;15456
9/11/2024 17:00;132;152;12;14;69;92;103;124;15958
9/11/2024 18:00;97;137;11;20;46;68;82;115;13816
9/11/2024 19:00;72;109;8;10;31;52;59;80;11191
9/11/2024 20:00;31;47;3;7;14;21;26;41;7039
9/11/2024 21:00;1;7;0;2;0;4;1;7;3727
9/11/2024 22:00;3;3;0;1;0;0;3;3;2219
9/11/2024 23:00;0;0;0;0;0;0;0;0;1653
10/11/2024 0:00;0;0;0;0;0;0;0;0;1407
10/11/2024 1:00;0;0;0;0;0;0;0;0;510
10/11/2024 2:00;0;0;0;0;0;0;0;0;474
10/11/2024 3:00;0;0;0;0;0;0;0;0;273
10/11/2024 4:00;0;0;0;0;0;0;0;0;122
10/11/2024 5:00;0;0;0;0;0;0;0;0;67
10/11/2024 6:00;0;0;0;0;0;0;0;0;90
10/11/2024 7:00;0;0;0;0;0;0;0;0;123
10/11/2024 8:00;0;0;0;0;0;0;0;0;222
10/11/2024 9:00;0;0;0;0;0;0;0;0;360
10/11/2024 10:00;13;6;4;2;1;0;12;6;760
10/11/2024 11:00;26;26;10;7;7;9;23;22;1383
10/11/2024 12:00;40;41;4;3;17;17;38;35;1736
10/11/2024 13:00;40;33;7;4;20;21;31;26;2037
10/11/2024 14:00;47;53;6;9;17;22;37;44;2495
10/11/2024 15:00;51;57;9;8;20;25;41;47;2450
10/11/2024 16:00;50;51;11;14;17;19;41;43;2971
10/11/2024 17:00;13;36;3;7;2;15;13;29;2815
10/11/2024 18:00;0;0;0;0;0;0;0;0;1576
10/11/2024 19:00;0;0;0;0;0;0;0;0;1491
10/11/2024 20:00;0;0;0;0;0;0;0;0;1717
10/11/2024 21:00;0;0;0;0;0;0;0;0;1461
10/11/2024 22:00;0;0;0;0;0;0;0;0;957
10/11/2024 23:00;0;0;0;0;0;0;0;0;741
11/11/2024 0:00;0;0;0;0;0;0;0;0;672
11/11/2024 1:00;0;0;0;0;0;0;0;0;256
11/11/2024 2:00;0;0;0;0;0;0;0;0;101
11/11/2024 3:00;0;0;0;0;0;0;0;0;93
11/11/2024 4:00;0;0;0;0;0;0;0;0;40
11/11/2024 5:00;0;0;0;0;0;0;0;0;48
11/11/2024 6:00;0;0;0;0;0;0;0;0;95
11/11/2024 7:00;0;0;0;0;0;0;0;0;160
11/11/2024 8:00;0;0;0;0;0;0;0;0;314
11/11/2024 9:00;0;0;0;0;0;0;0;0;413
11/11/2024 10:00;31;19;5;3;8;6;28;18;821
11/11/2024 11:00;44;55;11;12;17;20;37;46;1830
11/11/2024 12:00;37;34;7;7;12;13;34;30;2212
11/11/2024 13:00;92;83;18;17;38;41;80;75;3096
11/11/2024 14:00;83;101;17;22;28;45;71;83;3669
11/11/2024 15:00;56;57;9;10;27;30;48;50;2902
11/11/2024 16:00;90;69;19;13;44;33;69;55;3763
11/11/2024 17:00;39;79;7;10;10;36;34;60;3441
11/11/2024 18:00;0;0;0;0;0;0;0;0;2749
11/11/2024 19:00;0;0;0;0;0;0;0;0;2570
11/11/2024 20:00;0;0;0;0;0;0;0;0;2213
11/11/2024 21:00;0;0;0;0;0;0;0;0;1422
11/11/2024 22:00;0;0;0;0;0;0;0;0;805
11/11/2024 23:00;0;0;0;0;0;0;0;0;747
12/11/2024 0:00;0;0;0;0;0;0;0;0;327
12/11/2024 1:00;0;0;0;0;0;0;0;0;31
12/11/2024 2:00;0;0;0;0;0;0;0;0;16
12/11/2024 3:00;0;0;0;0;0;0;0;0;21
12/11/2024 4:00;0;0;0;0;0;0;0;0;29
12/11/2024 5:00;0;0;0;0;0;0;0;0;11
12/11/2024 6:00;0;0;0;0;0;0;0;0;109
12/11/2024 7:00;0;0;0;0;0;0;0;0;280
12/11/2024 8:00;17;12;7;2;4;4;14;11;1075
12/11/2024 9:00;50;45;11;8;19;18;50;40;2571
12/11/2024 10:00;66;61;15;14;27;24;61;57;2904
12/11/2024 11:00;63;61;11;7;28;22;59;57;2713
12/11/2024 12:00;86;95;13;12;31;36;81;82;3980
12/11/2024 13:00;170;157;27;23;75;81;152;130;6903
12/11/2024 14:00;154;192;20;19;65;113;138;170;7004
12/11/2024 15:00;83;88;14;14;37;52;75;80;6788
12/11/2024 16:00;79;77;9;9;34;40;72;71;6903
12/11/2024 17:00;59;80;8;10;21;36;53;73;7274
12/11/2024 18:00;45;81;3;10;16;33;41;73;6214
12/11/2024 19:00;30;44;4;8;14;24;30;40;6354
12/11/2024 20:00;9;38;0;7;4;18;10;31;3654
12/11/2024 21:00;1;3;0;1;0;0;1;3;1478
12/11/2024 22:00;1;1;0;0;1;1;1;1;1173
12/11/2024 23:00;0;0;0;0;0;0;0;0;859
13/11/2024 0:00;0;0;0;0;0;0;0;0;526
13/11/2024 1:00;0;0;0;0;0;0;0;0;121
13/11/2024 2:00;0;0;0;0;0;0;0;0;125
13/11/2024 3:00;0;0;0;0;0;0;0;0;54
13/11/2024 4:00;0;0;0;0;0;0;0;0;17
13/11/2024 5:00;0;0;0;0;0;0;0;0;20
13/11/2024 6:00;0;0;0;0;0;0;0;0;142
13/11/2024 7:00;0;0;0;0;0;0;0;0;287
13/11/2024 8:00;9;7;2;1;5;3;9;6;928
13/11/2024 9:00;63;50;16;14;23;16;60;46;2085
13/11/2024 10:00;75;73;24;19;29;28;72;69;2699
13/11/2024 11:00;65;70;13;12;31;37;54;62;3304
13/11/2024 12:00;75;88;16;17;28;42;67;74;3617
13/11/2024 13:00;166;136;42;25;65;66;141;119;6968
13/11/2024 14:00;157;175;33;35;69;98;142;158;7330
13/11/2024 15:00;89;108;17;17;40;59;83;98;5814
13/11/2024 16:00;81;97;10;15;33;48;69;82;6566
13/11/2024 17:00;65;90;11;19;30;40;58;82;7077
13/11/2024 18:00;52;58;7;8;21;25;44;54;7520
13/11/2024 19:00;46;83;8;13;22;39;46;75;7558
13/11/2024 20:00;23;39;4;3;6;12;22;34;3941
13/11/2024 21:00;1;3;0;0;0;0;1;3;2068
13/11/2024 22:00;0;0;0;0;0;0;0;0;1386
13/11/2024 23:00;0;0;0;0;0;0;0;0;914
14/11/2024 0:00;0;0;0;0;0;0;0;0;615
14/11/2024 1:00;0;0;0;0;0;0;0;0;237
14/11/2024 2:00;0;0;0;0;0;0;0;0;79
14/11/2024 3:00;0;0;0;0;0;0;0;0;53
14/11/2024 4:00;0;0;0;0;0;0;0;0;8
14/11/2024 5:00;0;0;0;0;0;0;0;0;44
14/11/2024 6:00;0;0;0;0;0;0;0;0;135
14/11/2024 7:00;0;0;0;0;0;0;0;0;190
14/11/2024 8:00;21;21;7;5;8;6;19;20;1368
14/11/2024 9:00;66;58;18;16;27;24;65;56;2066
14/11/2024 10:00;67;78;16;19;17;27;61;70;2198
14/11/2024 11:00;67;64;12;13;27;25;61;57;2182
14/11/2024 12:00;82;89;11;11;34;41;73;79;3009
14/11/2024 13:00;177;186;40;27;63;90;145;155;6664
14/11/2024 14:00;158;197;19;39;67;97;139;167;6562
14/11/2024 15:00;62;94;14;18;25;52;53;87;4677
14/11/2024 16:00;63;66;8;7;31;34;54;55;6268
14/11/2024 17:00;71;95;9;9;30;50;64;83;7371
14/11/2024 18:00;60;72;7;11;17;32;49;61;7800
14/11/2024 19:00;57;67;8;11;22;27;50;62;7649
14/11/2024 20:00;28;54;4;12;7;23;25;45;4754
14/11/2024 21:00;2;4;0;0;1;2;2;3;1796
14/11/2024 22:00;2;2;0;0;1;1;2;2;1453
14/11/2024 23:00;0;0;0;0;0;0;0;0;1010
15/11/2024 0:00;0;0;0;0;0;0;0;0;640
15/11/2024 1:00;0;0;0;0;0;0;0;0;232
15/11/2024 2:00;0;0;0;0;0;0;0;0;60
15/11/2024 3:00;0;0;0;0;0;0;0;0;47
15/11/2024 4:00;0;0;0;0;0;0;0;0;28
15/11/2024 5:00;0;0;0;0;0;0;0;0;56
15/11/2024 6:00;0;0;0;0;0;0;0;0;156
15/11/2024 7:00;0;0;0;0;0;0;0;0;299
15/11/2024 8:00;15;17;6;8;4;5;14;16;891
15/11/2024 9:00;56;43;10;6;26;19;52;42;1895
15/11/2024 10:00;77;77;19;20;28;29;69;68;2459
15/11/2024 11:00;68;73;16;11;28;38;64;66;2995
15/11/2024 12:00;94;103;14;18;43;43;80;89;3960
15/11/2024 13:00;160;156;26;23;79;85;142;135;7475
15/11/2024 14:00;157;163;26;24;74;84;137;145;6742
15/11/2024 15:00;129;140;18;22;70;84;113;121;7210
15/11/2024 16:00;90;107;14;12;49;63;74;93;8790
15/11/2024 17:00;70;93;9;13;30;44;66;86;9519
15/11/2024 18:00;52;83;6;8;25;34;43;74;9397
15/11/2024 19:00;45;62;4;12;26;30;40;56;7425
15/11/2024 20:00;33;54;9;13;9;30;25;43;5324
15/11/2024 21:00;0;3;0;3;0;0;0;3;2710
15/11/2024 22:00;0;1;0;0;0;0;0;1;1957
15/11/2024 23:00;0;0;0;0;0;0;0;0;2010
16/11/2024 0:00;0;0;0;0;0;0;0;0;1405
16/11/2024 1:00;0;0;0;0;0;0;0;0;522
16/11/2024 2:00;0;0;0;0;0;0;0;0;297
16/11/2024 3:00;0;0;0;0;0;0;0;0;165
16/11/2024 4:00;0;0;0;0;0;0;0;0;69
16/11/2024 5:00;0;0;0;0;0;0;0;0;62
16/11/2024 6:00;0;0;0;0;0;0;0;0;184
16/11/2024 7:00;0;0;0;0;0;0;0;0;260
16/11/2024 8:00;2;2;0;0;0;0;2;2;665
16/11/2024 9:00;25;17;5;2;9;6;22;17;845
16/11/2024 10:00;78;71;12;12;33;25;68;67;1967
16/11/2024 11:00;82;95;13;9;39;48;70;79;3898
16/11/2024 12:00;71;64;10;9;37;35;52;55;5305
16/11/2024 13:00;124;104;14;8;55;55;96;81;7993
16/11/2024 14:00;161;172;31;25;81;87;127;132;9918
16/11/2024 15:00;169;186;26;30;93;107;128;152;11454
16/11/2024 16:00;128;140;16;20;57;69;97;115;12759
16/11/2024 17:00;121;123;13;22;70;66;95;96;13849
16/11/2024 18:00;96;141;10;17;30;65;83;106;11846
16/11/2024 19:00;73;93;10;15;32;47;62;75;9399
16/11/2024 20:00;27;45;6;14;9;13;23;36;5829
16/11/2024 21:00;3;6;1;2;0;2;3;4;3296
16/11/2024 22:00;0;0;0;0;0;0;0;0;1887
16/11/2024 23:00;0;0;0;0;0;0;0;0;1636
17/11/2024 0:00;0;0;0;0;0;0;0;0;1371
17/11/2024 1:00;0;0;0;0;0;0;0;0;676
17/11/2024 2:00;0;0;0;0;0;0;0;0;179
17/11/2024 3:00;0;0;0;0;0;0;0;0;62
17/11/2024 4:00;0;0;0;0;0;0;0;0;40
17/11/2024 5:00;0;0;0;0;0;0;0;0;36
17/11/2024 6:00;0;0;0;0;0;0;0;0;74
17/11/2024 7:00;0;0;0;0;0;0;0;0;80
17/11/2024 8:00;0;0;0;0;0;0;0;0;198
17/11/2024 9:00;0;0;0;0;0;0;0;0;375
17/11/2024 10:00;28;20;3;1;15;11;27;20;764
17/11/2024 11:00;28;33;13;3;10;15;26;30;1097
17/11/2024 12:00;18;23;6;6;4;4;17;20;1714
17/11/2024 13:00;54;41;20;10;16;13;49;36;1943
17/11/2024 14:00;74;87;21;22;16;26;67;76;1741
17/11/2024 15:00;41;43;3;8;15;13;38;38;1679
17/11/2024 16:00;49;56;7;9;16;17;43;52;2427
17/11/2024 17:00;25;50;4;5;5;19;20;38;2788
17/11/2024 18:00;0;0;0;0;0;0;0;0;2049
17/11/2024 19:00;0;0;0;0;0;0;0;0;1960
17/11/2024 20:00;0;0;0;0;0;0;0;0;1667
17/11/2024 21:00;0;0;0;0;0;0;0;0;1206
17/11/2024 22:00;0;0;0;0;0;0;0;0;882
17/11/2024 23:00;0;0;0;0;0;0;0;0;826
18/11/2024 0:00;0;0;0;0;0;0;0;0;308
18/11/2024 1:00;0;0;0;0;0;0;0;0;26
18/11/2024 2:00;0;0;0;0;0;0;0;0;34
18/11/2024 3:00;0;0;0;0;0;0;0;0;21
18/11/2024 4:00;0;0;0;0;0;0;0;0;10
18/11/2024 5:00;0;0;0;0;0;0;0;0;18
18/11/2024 6:00;0;0;0;0;0;0;0;0;114
18/11/2024 7:00;0;0;0;0;0;0;0;0;341
18/11/2024 8:00;19;14;5;3;3;4;19;14;1189
18/11/2024 9:00;42;32;13;4;18;19;37;29;2539
18/11/2024 10:00;75;72;19;21;33;30;67;66;2780
18/11/2024 11:00;63;74;14;15;29;32;56;67;3339
18/11/2024 12:00;59;71;20;16;17;26;52;68;4374
18/11/2024 13:00;210;183;55;39;85;88;182;159;7259
18/11/2024 14:00;165;188;29;34;83;98;144;168;7740
18/11/2024 15:00;88;111;18;15;32;56;75;95;6069
18/11/2024 16:00;96;92;14;12;39;47;82;76;7616
18/11/2024 17:00;56;91;9;14;20;45;51;79;7771
18/11/2024 18:00;41;66;8;6;17;27;41;59;8050
18/11/2024 19:00;42;51;6;2;17;29;39;41;6477
18/11/2024 20:00;16;29;1;6;11;13;15;27;3663
18/11/2024 21:00;1;1;0;1;0;0;1;1;1856
18/11/2024 22:00;0;0;0;0;0;0;0;0;1295
18/11/2024 23:00;0;0;0;0;0;0;0;0;527
19/11/2024 0:00;0;0;0;0;0;0;0;0;385
19/11/2024 1:00;0;0;0;0;0;0;0;0;110
19/11/2024 2:00;0;0;0;0;0;0;0;0;27
19/11/2024 3:00;0;0;0;0;0;0;0;0;42
19/11/2024 4:00;0;0;0;0;0;0;0;0;4
19/11/2024 5:00;0;0;0;0;0;0;0;0;8
19/11/2024 6:00;0;0;0;0;0;0;0;0;47
19/11/2024 7:00;0;0;0;0;0;0;0;0;157
19/11/2024 8:00;15;8;5;3;3;2;14;8;853
19/11/2024 9:00;46;46;10;16;8;13;44;43;1772
19/11/2024 10:00;53;45;10;8;14;10;49;43;1556
19/11/2024 11:00;44;56;8;11;13;17;43;55;2132
19/11/2024 12:00;45;48;4;3;11;16;45;45;1960
19/11/2024 13:00;123;143;20;30;37;49;112;128;3805
19/11/2024 14:00;124;150;15;19;60;67;106;131;4862
19/11/2024 15:00;56;80;5;9;20;28;51;76;3024
19/11/2024 16:00;48;81;8;13;15;30;44;68;4678
19/11/2024 17:00;55;73;5;12;24;29;51;66;7758
19/11/2024 18:00;50;61;4;4;25;28;42;55;6821
19/11/2024 19:00;33;59;3;1;13;30;33;53;7205
19/11/2024 20:00;20;40;4;13;7;12;20;33;4238
19/11/2024 21:00;0;0;0;0;0;0;0;0;1945
19/11/2024 22:00;1;1;0;0;0;0;1;1;1590
19/11/2024 23:00;0;0;0;0;0;0;0;0;1152
20/11/2024 0:00;0;0;0;0;0;0;0;0;1021
20/11/2024 1:00;0;0;0;0;0;0;0;0;270
20/11/2024 2:00;0;0;0;0;0;0;0;0;18
20/11/2024 3:00;0;0;0;0;0;0;0;0;57
20/11/2024 4:00;0;0;0;0;0;0;0;0;12
20/11/2024 5:00;0;0;0;0;0;0;0;0;20
20/11/2024 6:00;0;0;0;0;0;0;0;0;195
20/11/2024 7:00;0;0;0;0;0;0;0;0;268
20/11/2024 8:00;16;15;6;3;6;7;16;15;902
20/11/2024 9:00;53;39;9;8;21;12;52;39;1913
20/11/2024 10:00;86;67;11;13;36;28;82;64;2445
20/11/2024 11:00;80;92;20;17;28;36;73;76;2591
20/11/2024 12:00;65;74;12;12;32;35;59;67;3548
20/11/2024 13:00;169;167;47;34;70;72;152;145;6133
20/11/2024 14:00;173;185;28;27;74;96;150;161;7515
20/11/2024 15:00;100;119;13;18;46;62;90;107;5868
20/11/2024 16:00;71;79;5;6;29;39;63;70;5950
20/11/2024 17:00;68;71;5;8;31;36;54;56;7040
20/11/2024 18:00;55;82;0;6;29;40;48;70;7829
20/11/2024 19:00;47;79;6;11;15;37;43;63;6618
20/11/2024 20:00;20;36;3;7;4;8;16;31;1805
20/11/2024 21:00;2;3;1;1;1;2;2;3;745
20/11/2024 22:00;1;0;0;0;0;0;1;0;597
20/11/2024 23:00;0;0;0;0;0;0;0;0;467
21/11/2024 0:00;0;0;0;0;0;0;0;0;183
21/11/2024 1:00;0;0;0;0;0;0;0;0;132
21/11/2024 2:00;0;0;0;0;0;0;0;0;24
21/11/2024 3:00;0;0;0;0;0;0;0;0;11
21/11/2024 4:00;0;0;0;0;0;0;0;0;9
21/11/2024 5:00;0;0;0;0;0;0;0;0;14
21/11/2024 6:00;0;0;0;0;0;0;0;0;91
21/11/2024 7:00;1;0;0;0;1;0;1;0;315
21/11/2024 8:00;19;14;4;3;4;3;17;13;949
21/11/2024 9:00;57;52;7;6;25;28;58;49;2249
21/11/2024 10:00;80;79;17;10;25;35;76;76;2691
21/11/2024 11:00;54;81;9;12;16;28;50;71;2805
21/11/2024 12:00;67;68;14;14;18;28;63;61;3521
21/11/2024 13:00;180;146;29;24;65;66;152;127;7502
21/11/2024 14:00;185;241;22;30;67;103;161;213;7633
21/11/2024 15:00;93;108;15;16;34;55;81;91;5494
21/11/2024 16:00;57;75;9;7;23;31;54;66;6282
21/11/2024 17:00;54;67;3;5;23;34;47;56;8034
21/11/2024 18:00;45;66;6;11;14;26;41;57;8568
21/11/2024 19:00;42;50;9;9;11;16;37;46;8024
21/11/2024 20:00;13;39;0;7;4;8;13;34;4365
21/11/2024 21:00;5;7;0;1;1;2;3;5;2093
21/11/2024 22:00;0;0;0;0;0;0;0;0;1702
21/11/2024 23:00;0;0;0;0;0;0;0;0;1142
22/11/2024 0:00;0;0;0;0;0;0;0;0;776
22/11/2024 1:00;0;0;0;0;0;0;0;0;194
22/11/2024 2:00;0;0;0;0;0;0;0;0;76
22/11/2024 3:00;0;0;0;0;0;0;0;0;49
22/11/2024 4:00;0;0;0;0;0;0;0;0;42
22/11/2024 5:00;0;0;0;0;0;0;0;0;23
22/11/2024 6:00;0;0;0;0;0;0;0;0;185
22/11/2024 7:00;0;0;0;0;0;0;0;0;293
22/11/2024 8:00;13;12;3;3;2;4;11;11;887
22/11/2024 9:00;50;46;7;6;18;19;48;45;1955
22/11/2024 10:00;85;72;24;8;25;23;80;69;2816
22/11/2024 11:00;49;57;6;9;13;16;45;54;3312
22/11/2024 12:00;80;88;12;11;29;32;73;78;4166
22/11/2024 13:00;135;151;15;15;58;66;115;131;6429
22/11/2024 14:00;117;137;20;18;33;53;109;125;6692
22/11/2024 15:00;119;112;11;13;51;55;107;104;6511
22/11/2024 16:00;59;88;4;7;24;38;56;74;7296
22/11/2024 17:00;56;80;4;4;16;35;53;69;8116
22/11/2024 18:00;43;54;3;8;17;15;38;52;8456
22/11/2024 19:00;45;60;6;8;17;19;42;51;6800
22/11/2024 20:00;15;36;2;3;4;16;13;30;4232
22/11/2024 21:00;0;0;0;0;0;0;0;0;2198
22/11/2024 22:00;1;1;0;0;0;0;1;1;1595
22/11/2024 23:00;0;0;0;0;0;0;0;0;1395
23/11/2024 0:00;0;0;0;0;0;0;0;0;1055
23/11/2024 1:00;0;0;0;0;0;0;0;0;699
23/11/2024 2:00;0;0;0;0;0;0;0;0;269
23/11/2024 3:00;0;0;0;0;0;0;0;0;107
23/11/2024 4:00;0;0;0;0;0;0;0;0;76
23/11/2024 5:00;0;0;0;0;0;0;0;0;85
23/11/2024 6:00;0;0;0;0;0;0;0;0;158
23/11/2024 7:00;0;0;0;0;0;0;0;0;205
23/11/2024 8:00;0;0;0;0;0;0;0;0;394
23/11/2024 9:00;12;8;2;1;6;3;12;8;631
23/11/2024 10:00;57;46;9;7;19;22;53;45;1539
23/11/2024 11:00;59;56;14;10;18;19;52;51;3081
23/11/2024 12:00;67;79;16;20;24;29;60;67;5424
23/11/2024 13:00;133;111;24;15;43;46;110;92;7636
23/11/2024 14:00;139;153;20;25;65;67;112;122;9610
23/11/2024 15:00;162;180;22;19;72;91;132;148;11406
23/11/2024 16:00;154;162;11;12;61;82;129;139;12232
23/11/2024 17:00;105;127;5;10;52;63;80;98;13544
23/11/2024 18:00;82;105;8;14;35;38;67;82;10217
23/11/2024 19:00;46;79;4;6;12;32;41;66;5443
23/11/2024 20:00;20;35;1;5;5;13;18;30;3464
23/11/2024 21:00;0;0;0;0;0;0;0;0;2423
23/11/2024 22:00;0;0;0;0;0;0;0;0;1759
23/11/2024 23:00;0;0;0;0;0;0;0;0;1069
24/11/2024 0:00;0;0;0;0;0;0;0;0;687
24/11/2024 1:00;0;0;0;0;0;0;0;0;259
24/11/2024 2:00;0;0;0;0;0;0;0;0;120
24/11/2024 3:00;0;0;0;0;0;0;0;0;135
24/11/2024 4:00;0;0;0;0;0;0;0;0;118
24/11/2024 5:00;0;0;0;0;0;0;0;0;58
24/11/2024 6:00;0;0;0;0;0;0;0;0;155
24/11/2024 7:00;0;0;0;0;0;0;0;0;120
24/11/2024 8:00;0;0;0;0;0;0;0;0;173
24/11/2024 9:00;0;0;0;0;0;0;0;0;252
24/11/2024 10:00;22;14;8;6;5;5;20;13;670
24/11/2024 11:00;51;41;10;7;22;14;47;36;999
24/11/2024 12:00;34;44;7;8;18;22;29;39;1538
24/11/2024 13:00;33;43;8;8;9;22;29;36;1852
24/11/2024 14:00;52;54;20;10;15;17;49;50;2468
24/11/2024 15:00;44;50;9;10;19;19;36;39;2409
24/11/2024 16:00;56;51;7;7;22;23;46;44;2756
24/11/2024 17:00;36;54;6;10;13;22;31;45;2632
24/11/2024 18:00;0;0;0;0;0;0;0;0;1947
24/11/2024 19:00;0;0;0;0;0;0;0;0;2055
24/11/2024 20:00;0;0;0;0;0;0;0;0;1634
24/11/2024 21:00;0;0;0;0;0;0;0;0;1303
24/11/2024 22:00;0;0;0;0;0;0;0;0;986
24/11/2024 23:00;0;0;0;0;0;0;0;0;754
25/11/2024 0:00;0;0;0;0;0;0;0;0;541
25/11/2024 1:00;0;0;0;0;0;0;0;0;187
25/11/2024 2:00;0;0;0;0;0;0;0;0;167
25/11/2024 3:00;0;0;0;0;0;0;0;0;30
25/11/2024 4:00;0;0;0;0;0;0;0;0;99
25/11/2024 5:00;0;0;0;0;0;0;0;0;17
25/11/2024 6:00;0;0;0;0;0;0;0;0;152
25/11/2024 7:00;0;0;0;0;0;0;0;0;302
25/11/2024 8:00;15;14;1;4;4;3;13;13;937
25/11/2024 9:00;38;35;9;9;17;14;36;34;2103
25/11/2024 10:00;63;50;9;7;24;25;60;48;2518
25/11/2024 11:00;48;53;9;9;20;23;44;51;2293
25/11/2024 12:00;61;67;9;10;14;26;56;62;2658
25/11/2024 13:00;135;128;13;17;50;60;122;117;3553
25/11/2024 14:00;152;174;12;16;53;88;136;149;3511
25/11/2024 15:00;55;94;4;13;18;48;49;84;3141
25/11/2024 16:00;59;71;7;5;17;29;56;67;3962
25/11/2024 17:00;51;65;5;5;21;22;45;62;6414
25/11/2024 18:00;52;65;7;10;23;27;49;62;6798
25/11/2024 19:00;44;60;8;12;20;31;37;51;6136
25/11/2024 20:00;13;26;3;4;4;7;12;24;3541
25/11/2024 21:00;0;0;0;0;0;0;0;0;1922
25/11/2024 22:00;0;0;0;0;0;0;0;0;1387
25/11/2024 23:00;0;0;0;0;0;0;0;0;777
26/11/2024 0:00;0;0;0;0;0;0;0;0;636
26/11/2024 1:00;0;0;0;0;0;0;0;0;159
26/11/2024 2:00;0;0;0;0;0;0;0;0;272
26/11/2024 3:00;0;0;0;0;0;0;0;0;73
26/11/2024 4:00;0;0;0;0;0;0;0;0;20
26/11/2024 5:00;0;0;0;0;0;0;0;0;16
26/11/2024 6:00;0;0;0;0;0;0;0;0;110
26/11/2024 7:00;0;0;0;0;0;0;0;0;380
26/11/2024 8:00;6;7;0;0;3;3;5;7;1053
26/11/2024 9:00;48;36;6;2;25;19;46;32;2059
26/11/2024 10:00;69;62;18;13;24;32;64;59;2397
26/11/2024 11:00;51;54;14;14;19;21;49;49;3028
26/11/2024 12:00;88;73;13;13;27;28;76;65;4184
26/11/2024 13:00;186;169;47;40;71;70;164;156;7671
26/11/2024 14:00;185;236;35;32;86;126;169;211;7875
26/11/2024 15:00;87;92;20;18;34;46;81;82;5640
26/11/2024 16:00;90;105;9;10;38;46;74;90;6111
26/11/2024 17:00;49;77;7;12;19;31;45;62;6034
26/11/2024 18:00;40;59;6;7;14;21;35;51;5044
26/11/2024 19:00;49;81;4;7;19;37;43;69;5000
26/11/2024 20:00;16;29;3;6;5;7;16;28;2745
26/11/2024 21:00;0;0;0;0;0;0;0;0;1313
26/11/2024 22:00;1;1;1;1;0;0;1;1;1080
26/11/2024 23:00;0;0;0;0;0;0;0;0;773
27/11/2024 0:00;0;0;0;0;0;0;0;0;488
27/11/2024 1:00;0;0;0;0;0;0;0;0;263
27/11/2024 2:00;0;0;0;0;0;0;0;0;65
27/11/2024 3:00;0;0;0;0;0;0;0;0;49
27/11/2024 4:00;0;0;0;0;0;0;0;0;10
27/11/2024 5:00;0;0;0;0;0;0;0;0;24
27/11/2024 6:00;0;0;0;0;0;0;0;0;80
27/11/2024 7:00;0;0;0;0;0;0;0;0;223
27/11/2024 8:00;8;4;0;0;3;1;8;4;734
27/11/2024 9:00;55;37;11;7;18;14;53;36;2139
27/11/2024 10:00;63;70;7;7;27;28;55;63;2314
27/11/2024 11:00;56;63;12;12;18;24;51;60;2996
27/11/2024 12:00;76;71;13;10;31;30;66;63;3720
27/11/2024 13:00;150;148;26;30;59;66;125;130;6756
27/11/2024 14:00;119;151;25;22;45;80;105;135;7864
27/11/2024 15:00;81;105;13;18;33;53;72;91;5907
27/11/2024 16:00;65;74;7;8;22;31;59;62;5931
27/11/2024 17:00;52;84;8;10;23;35;45;72;4797
27/11/2024 18:00;40;64;2;10;18;26;37;60;5776
27/11/2024 19:00;36;70;6;9;12;31;33;57;6174
27/11/2024 20:00;17;27;3;4;8;11;16;25;3759
27/11/2024 21:00;0;0;0;0;0;0;0;0;1918
27/11/2024 22:00;0;0;0;0;0;0;0;0;1452
27/11/2024 23:00;0;0;0;0;0;0;0;0;899
28/11/2024 0:00;0;0;0;0;0;0;0;0;585
28/11/2024 1:00;0;0;0;0;0;0;0;0;186
28/11/2024 2:00;0;0;0;0;0;0;0;0;57
28/11/2024 3:00;0;0;0;0;0;0;0;0;34
28/11/2024 4:00;0;0;0;0;0;0;0;0;17
28/11/2024 5:00;0;0;0;0;0;0;0;0;20
28/11/2024 6:00;0;0;0;0;0;0;0;0;116
28/11/2024 7:00;1;1;0;0;1;1;1;1;276
28/11/2024 8:00;17;14;3;0;4;2;16;12;887
28/11/2024 9:00;48;44;11;10;14;18;47;43;1966
28/11/2024 10:00;85;74;19;17;31;30;77;69;2915
28/11/2024 11:00;56;65;11;9;24;22;55;62;2588
28/11/2024 12:00;81;77;19;18;33;30;70;69;3648
28/11/2024 13:00;164;173;27;32;79;77;144;144;6176
28/11/2024 14:00;188;206;29;27;88;116;162;174;7020
28/11/2024 15:00;112;123;23;23;49;65;91;109;6398
28/11/2024 16:00;74;95;20;21;24;45;65;81;7671
28/11/2024 17:00;65;70;7;8;29;32;57;61;8687
28/11/2024 18:00;49;79;5;15;21;31;41;70;9238
28/11/2024 19:00;54;73;5;10;23;32;48;65;9091
28/11/2024 20:00;16;34;2;4;7;18;16;30;5059
28/11/2024 21:00;0;1;0;1;0;0;0;1;2622
28/11/2024 22:00;1;1;0;0;1;1;1;1;1649
28/11/2024 23:00;0;0;0;0;0;0;0;0;1189
29/11/2024 0:00;0;0;0;0;0;0;0;0;956
29/11/2024 1:00;0;0;0;0;0;0;0;0;310
29/11/2024 2:00;0;0;0;0;0;0;0;0;135
29/11/2024 3:00;0;0;0;0;0;0;0;0;31
29/11/2024 4:00;0;0;0;0;0;0;0;0;22
29/11/2024 5:00;0;0;0;0;0;0;0;0;13
29/11/2024 6:00;0;0;0;0;0;0;0;0;119
29/11/2024 7:00;0;0;0;0;0;0;0;0;309
29/11/2024 8:00;15;17;3;5;5;5;15;17;954
29/11/2024 9:00;49;38;14;6;15;11;49;38;2057
29/11/2024 10:00;81;76;19;19;35;29;76;74;2977
29/11/2024 11:00;86;92;16;13;29;35;75;82;4254
29/11/2024 12:00;100;102;14;11;53;49;85;91;5863
29/11/2024 13:00;189;172;30;25;91;90;164;149;7541
29/11/2024 14:00;188;205;29;25;96;123;156;164;9093
29/11/2024 15:00;121;151;19;17;64;96;111;133;9529
29/11/2024 16:00;102;115;9;8;42;57;89;101;10472
29/11/2024 17:00;72;88;9;11;33;41;64;73;11948
29/11/2024 18:00;58;91;5;7;19;37;51;78;11418
29/11/2024 19:00;42;65;2;7;17;23;39;57;9424
29/11/2024 20:00;25;48;3;8;9;22;22;40;5792
29/11/2024 21:00;0;3;0;0;0;1;0;3;2977
29/11/2024 22:00;1;1;0;0;1;1;1;1;2092
29/11/2024 23:00;0;0;0;0;0;0;0;0;1276
30/11/2024 0:00;0;0;0;0;0;0;0;0;1132
30/11/2024 1:00;0;0;0;0;0;0;0;0;480
30/11/2024 2:00;0;0;0;0;0;0;0;0;173
30/11/2024 3:00;0;0;0;0;0;0;0;0;119
30/11/2024 4:00;0;0;0;0;0;0;0;0;84
30/11/2024 5:00;0;0;0;0;0;0;0;0;47
30/11/2024 6:00;0;0;0;0;0;0;0;0;108
30/11/2024 7:00;0;0;0;0;0;0;0;0;149
30/11/2024 8:00;0;0;0;0;0;0;0;0;365
30/11/2024 9:00;19;14;2;1;11;8;19;14;829
30/11/2024 10:00;60;52;12;12;19;21;53;47;2134
30/11/2024 11:00;86;71;20;13;38;31;79;62;4953
30/11/2024 12:00;83;95;13;10;33;44;70;79;6216
30/11/2024 13:00;161;136;32;17;75;64;124;109;7301
30/11/2024 14:00;177;176;34;27;70;87;137;136;10481
30/11/2024 15:00;176;185;24;21;101;109;141;153;12334
30/11/2024 16:00;168;184;22;19;84;106;134;143;14854
30/11/2024 17:00;128;172;17;16;58;74;104;129;14336
30/11/2024 18:00;63;109;14;17;21;51;56;88;12546
30/11/2024 19:00;69;64;10;10;19;22;57;57;10001
30/11/2024 20:00;39;54;6;8;17;24;32;47;6426
30/11/2024 21:00;6;11;2;2;3;6;6;11;3200
30/11/2024 22:00;0;0;0;0;0;0;0;0;1805
30/11/2024 23:00;0;0;0;0;0;0;0;0;1306
1/12/2024 0:00;0;0;0;0;0;0;0;0;1388
1/12/2024 1:00;0;0;0;0;0;0;0;0;628
1/12/2024 2:00;0;0;0;0;0;0;0;0;231
1/12/2024 3:00;0;0;0;0;0;0;0;0;136
1/12/2024 4:00;0;0;0;0;0;0;0;0;63
1/12/2024 5:00;0;0;0;0;0;0;0;0;67
1/12/2024 6:00;0;0;0;0;0;0;0;0;75
1/12/2024 7:00;0;0;0;0;0;0;0;0;98
1/12/2024 8:00;0;0;0;0;0;0;0;0;210
1/12/2024 9:00;0;0;0;0;0;0;0;0;296
1/12/2024 10:00;29;14;7;3;10;5;26;13;759
1/12/2024 11:00;53;63;15;13;14;18;43;50;1845
1/12/2024 12:00;58;57;15;13;22;21;53;51;2207
1/12/2024 13:00;58;54;19;8;16;21;46;45;2465
1/12/2024 14:00;81;85;11;15;35;40;61;70;3632
1/12/2024 15:00;52;57;5;8;20;28;43;50;3707
1/12/2024 16:00;56;64;8;12;33;26;49;56;4486
1/12/2024 17:00;20;39;2;4;10;22;16;33;4031
1/12/2024 18:00;0;0;0;0;0;0;0;0;2515
1/12/2024 19:00;0;0;0;0;0;0;0;0;2279
1/12/2024 20:00;0;0;0;0;0;0;0;0;1394
1/12/2024 21:00;0;0;0;0;0;0;0;0;1126
1/12/2024 22:00;0;0;0;0;0;0;0;0;863
1/12/2024 23:00;0;0;0;0;0;0;0;0;696
2/12/2024 0:00;0;0;0;0;0;0;0;0;409
2/12/2024 1:00;0;0;0;0;0;0;0;0;121
2/12/2024 2:00;0;0;0;0;0;0;0;0;55
2/12/2024 3:00;0;0;0;0;0;0;0;0;45
2/12/2024 4:00;0;0;0;0;0;0;0;0;22
2/12/2024 5:00;0;0;0;0;0;0;0;0;32
2/12/2024 6:00;0;0;0;0;0;0;0;0;86
2/12/2024 7:00;0;0;0;0;0;0;0;0;317
2/12/2024 8:00;21;12;2;0;7;3;18;12;1083
2/12/2024 9:00;48;45;11;9;19;12;45;41;2251
2/12/2024 10:00;79;73;14;16;31;34;69;63;2637
2/12/2024 11:00;72;80;18;12;30;37;62;74;3577
2/12/2024 12:00;66;75;13;13;29;29;63;68;3909
2/12/2024 13:00;203;180;36;31;95;83;180;165;7574
2/12/2024 14:00;175;229;24;29;87;130;156;199;7523
2/12/2024 15:00;91;100;13;14;40;46;79;90;6151
2/12/2024 16:00;92;94;17;14;46;50;77;86;6584
2/12/2024 17:00;64;86;6;14;35;44;55;74;8009
2/12/2024 18:00;48;87;4;9;25;44;42;78;8132
2/12/2024 19:00;36;41;3;6;8;18;35;39;6873
2/12/2024 20:00;21;45;0;5;1;11;17;39;3861
2/12/2024 21:00;2;2;1;1;1;1;1;1;1690
2/12/2024 22:00;1;1;0;0;1;1;1;1;843
2/12/2024 23:00;0;0;0;0;0;0;0;0;502
3/12/2024 0:00;0;0;0;0;0;0;0;0;476
3/12/2024 1:00;0;0;0;0;0;0;0;0;118
3/12/2024 2:00;0;0;0;0;0;0;0;0;161
3/12/2024 3:00;0;0;0;0;0;0;0;0;21
3/12/2024 4:00;0;0;0;0;0;0;0;0;18
3/12/2024 5:00;0;0;0;0;0;0;0;0;33
3/12/2024 6:00;0;0;0;0;0;0;0;0;99
3/12/2024 7:00;0;0;0;0;0;0;0;0;302
3/12/2024 8:00;17;14;4;1;6;3;17;13;1172
3/12/2024 9:00;60;51;6;6;26;18;54;48;2538
3/12/2024 10:00;89;64;16;13;39;27;79;58;2959
3/12/2024 11:00;69;91;15;18;27;37;61;88;3339
3/12/2024 12:00;69;77;18;14;29;37;63;69;4942
3/12/2024 13:00;170;163;23;25;81;86;149;147;8448
3/12/2024 14:00;182;207;32;35;79;111;159;176;8095
3/12/2024 15:00;92;111;16;16;35;55;85;97;6053
3/12/2024 16:00;77;90;9;8;42;48;72;78;6542
3/12/2024 17:00;65;79;9;12;23;41;60;71;7811
3/12/2024 18:00;38;57;3;6;10;28;34;53;8265
3/12/2024 19:00;37;51;3;4;12;18;37;46;6938
3/12/2024 20:00;26;48;0;10;9;17;25;43;3924
3/12/2024 21:00;0;1;0;0;0;0;0;1;1940
3/12/2024 22:00;1;1;0;0;0;0;1;1;1342
3/12/2024 23:00;0;0;0;0;0;0;0;0;930
4/12/2024 0:00;0;0;0;0;0;0;0;0;668
4/12/2024 1:00;0;0;0;0;0;0;0;0;222
4/12/2024 2:00;0;0;0;0;0;0;0;0;180
4/12/2024 3:00;0;0;0;0;0;0;0;0;54
4/12/2024 4:00;0;0;0;0;0;0;0;0;18
4/12/2024 5:00;0;0;0;0;0;0;0;0;32
4/12/2024 6:00;0;0;0;0;0;0;0;0;168
4/12/2024 7:00;0;0;0;0;0;0;0;0;345
4/12/2024 8:00;14;16;3;2;4;4;14;15;1223
4/12/2024 9:00;54;43;13;9;22;15;51;41;2311
4/12/2024 10:00;99;89;16;18;44;40;92;79;2997
4/12/2024 11:00;60;72;7;14;30;27;55;65;3051
4/12/2024 12:00;102;87;18;13;37;40;91;78;4797
4/12/2024 13:00;173;189;33;26;70;94;150;162;8663
4/12/2024 14:00;159;175;26;27;71;74;132;141;8543
4/12/2024 15:00;96;122;10;13;42;59;82;106;7131
4/12/2024 16:00;60;78;9;9;29;38;57;73;7609
4/12/2024 17:00;67;87;10;11;25;39;53;74;8223
4/12/2024 18:00;39;68;3;11;14;27;38;58;8260
4/12/2024 19:00;42;64;5;16;14;23;39;59;7761
4/12/2024 20:00;20;36;4;6;9;16;18;33;4578
4/12/2024 21:00;0;2;0;0;0;1;0;2;2200
4/12/2024 22:00;0;0;0;0;0;0;0;0;1474
4/12/2024 23:00;0;0;0;0;0;0;0;0;1023
5/12/2024 0:00;0;0;0;0;0;0;0;0;675
5/12/2024 1:00;0;0;0;0;0;0;0;0;136
5/12/2024 2:00;0;0;0;0;0;0;0;0;51
5/12/2024 3:00;0;0;0;0;0;0;0;0;40
5/12/2024 4:00;0;0;0;0;0;0;0;0;17
5/12/2024 5:00;0;0;0;0;0;0;0;0;24
5/12/2024 6:00;0;0;0;0;0;0;0;0;119
5/12/2024 7:00;0;0;0;0;0;0;0;0;305
5/12/2024 8:00;15;12;4;3;4;5;14;12;1197
5/12/2024 9:00;45;43;6;9;11;13;44;41;1886
5/12/2024 10:00;65;50;15;10;19;15;63;50;2348
5/12/2024 11:00;59;77;6;9;18;26;55;71;2491
5/12/2024 12:00;48;61;9;8;18;24;46;56;2700
5/12/2024 13:00;171;186;19;30;62;81;147;167;5893
5/12/2024 14:00;128;191;19;28;48;90;111;164;5093
5/12/2024 15:00;83;99;11;13;36;42;73;91;4600
5/12/2024 16:00;45;61;5;8;19;26;39;56;5203
5/12/2024 17:00;58;60;11;13;18;17;50;56;7065
5/12/2024 18:00;53;85;4;12;21;37;47;73;7056
5/12/2024 19:00;43;76;3;11;15;27;42;68;7004
5/12/2024 20:00;17;33;3;7;6;12;17;31;3832
5/12/2024 21:00;0;3;0;0;0;1;0;3;1386
5/12/2024 22:00;1;1;0;0;0;0;1;1;1076
5/12/2024 23:00;0;0;0;0;0;0;0;0;730
6/12/2024 0:00;0;0;0;0;0;0;0;0;557
6/12/2024 1:00;0;0;0;0;0;0;0;0;48
6/12/2024 2:00;0;0;0;0;0;0;0;0;44
6/12/2024 3:00;0;0;0;0;0;0;0;0;25
6/12/2024 4:00;0;0;0;0;0;0;0;0;24
6/12/2024 5:00;0;0;0;0;0;0;0;0;16
6/12/2024 6:00;0;0;0;0;0;0;0;0;85
6/12/2024 7:00;0;0;0;0;0;0;0;0;248
6/12/2024 8:00;11;8;1;0;5;2;10;8;928
6/12/2024 9:00;46;47;9;7;20;20;45;45;2067
6/12/2024 10:00;68;66;14;10;26;26;61;62;2997
6/12/2024 11:00;77;79;12;12;30;29;70;69;4235
6/12/2024 12:00;82;95;14;13;27;37;72;85;6408
6/12/2024 13:00;121;129;19;19;50;61;107;112;6428
6/12/2024 14:00;173;194;25;24;79;102;149;163;7952
6/12/2024 15:00;99;112;13;12;50;62;86;93;7457
6/12/2024 16:00;93;96;13;13;47;45;77;89;8554
6/12/2024 17:00;53;87;4;13;31;41;51;76;9903
6/12/2024 18:00;46;67;4;2;23;36;41;59;8788
6/12/2024 19:00;50;66;5;9;20;27;46;57;8563
6/12/2024 20:00;26;36;1;5;12;17;23;33;5527
6/12/2024 21:00;1;4;0;0;0;3;1;4;2619
6/12/2024 22:00;0;0;0;0;0;0;0;0;1923
6/12/2024 23:00;0;0;0;0;0;0;0;0;1488
7/12/2024 0:00;0;0;0;0;0;0;0;0;1286
7/12/2024 1:00;0;0;0;0;0;0;0;0;399
7/12/2024 2:00;0;0;0;0;0;0;0;0;143
7/12/2024 3:00;0;0;0;0;0;0;0;0;83
7/12/2024 4:00;0;0;0;0;0;0;0;0;88
7/12/2024 5:00;0;0;0;0;0;0;0;0;35
7/12/2024 6:00;0;0;0;0;0;0;0;0;83
7/12/2024 7:00;0;0;0;0;0;0;0;0;107
7/12/2024 8:00;0;0;0;0;0;0;0;0;514
7/12/2024 9:00;12;13;4;5;4;5;11;13;765
7/12/2024 10:00;68;64;12;10;33;36;58;57;1821
7/12/2024 11:00;71;71;11;13;21;28;59;63;3865
7/12/2024 12:00;75;70;10;11;32;26;64;62;5427
7/12/2024 13:00;115;118;18;20;40;51;95;102;5750
7/12/2024 14:00;156;174;24;24;61;90;122;141;8653
7/12/2024 15:00;100;134;9;16;46;67;83;107;8509
7/12/2024 16:00;110;124;12;14;38;57;93;105;7870
7/12/2024 17:00;77;88;9;10;24;28;64;80;7816
7/12/2024 18:00;69;102;9;14;20;44;57;92;6529
7/12/2024 19:00;53;79;7;11;13;24;47;63;4525
7/12/2024 20:00;24;50;1;8;4;9;19;43;2350
7/12/2024 21:00;2;4;0;1;1;1;2;4;1372
7/12/2024 22:00;0;0;0;0;0;0;0;0;1156
7/12/2024 23:00;0;0;0;0;0;0;0;0;902
8/12/2024 0:00;0;0;0;0;0;0;0;0;794
8/12/2024 1:00;0;0;0;0;0;0;0;0;299
8/12/2024 2:00;0;0;0;0;0;0;0;0;71
8/12/2024 3:00;0;0;0;0;0;0;0;0;77
8/12/2024 4:00;0;0;0;0;0;0;0;0;45
8/12/2024 5:00;0;0;0;0;0;0;0;0;19
8/12/2024 6:00;0;0;0;0;0;0;0;0;64
8/12/2024 7:00;0;0;0;0;0;0;0;0;70
8/12/2024 8:00;0;0;0;0;0;0;0;0;84
8/12/2024 9:00;0;0;0;0;0;0;0;0;296
8/12/2024 10:00;18;17;2;0;2;4;16;16;795
8/12/2024 11:00;34;45;2;8;12;12;24;39;1154
8/12/2024 12:00;30;24;2;2;8;8;25;19;1820
8/12/2024 13:00;48;54;6;7;17;18;39;47;2830
8/12/2024 14:00;49;63;8;7;22;26;39;53;2700
8/12/2024 15:00;59;48;14;7;18;20;48;42;2809
8/12/2024 16:00;42;61;8;9;12;21;34;50;3850
8/12/2024 17:00;26;52;4;10;8;18;23;44;3776
8/12/2024 18:00;0;0;0;0;0;0;0;0;2909
8/12/2024 19:00;0;0;0;0;0;0;0;0;2608
8/12/2024 20:00;0;0;0;0;0;0;0;0;1838
8/12/2024 21:00;0;0;0;0;0;0;0;0;1005
8/12/2024 22:00;0;0;0;0;0;0;0;0;1144
8/12/2024 23:00;0;0;0;0;0;0;0;0;738
9/12/2024 0:00;0;0;0;0;0;0;0;0;498
9/12/2024 1:00;0;0;0;0;0;0;0;0;124
9/12/2024 2:00;0;0;0;0;0;0;0;0;55
9/12/2024 3:00;0;0;0;0;0;0;0;0;12
9/12/2024 4:00;0;0;0;0;0;0;0;0;24
9/12/2024 5:00;0;0;0;0;0;0;0;0;22
9/12/2024 6:00;0;0;0;0;0;0;0;0;121
9/12/2024 7:00;0;0;0;0;0;0;0;0;386
9/12/2024 8:00;11;10;1;1;1;3;11;10;1872
9/12/2024 9:00;35;32;6;5;8;7;34;31;2639
9/12/2024 10:00;72;74;9;10;28;27;66;69;3517
9/12/2024 11:00;61;71;9;10;21;21;53;66;3196
9/12/2024 12:00;54;70;7;6;21;26;48;62;5831
9/12/2024 13:00;163;190;19;22;70;82;145;168;8309
9/12/2024 14:00;157;196;18;24;63;80;140;174;7296
9/12/2024 15:00;78;114;10;17;27;41;71;100;5580
9/12/2024 16:00;56;70;3;7;17;25;53;64;5105
9/12/2024 17:00;62;79;7;11;18;31;57;74;6709
9/12/2024 18:00;43;65;4;11;16;22;38;55;6518
9/12/2024 19:00;40;69;2;7;11;22;33;63;6235
9/12/2024 20:00;8;21;1;2;2;6;8;19;3388
9/12/2024 21:00;0;0;0;0;0;0;0;0;1782
9/12/2024 22:00;1;2;0;0;0;0;1;2;1332
9/12/2024 23:00;0;0;0;0;0;0;0;0;864
10/12/2024 0:00;0;0;0;0;0;0;0;0;366
10/12/2024 1:00;0;0;0;0;0;0;0;0;117
10/12/2024 2:00;0;0;0;0;0;0;0;0;48
10/12/2024 3:00;0;0;0;0;0;0;0;0;13
10/12/2024 4:00;0;0;0;0;0;0;0;0;19
10/12/2024 5:00;0;0;0;0;0;0;0;0;23
10/12/2024 6:00;0;0;0;0;0;0;0;0;135
10/12/2024 7:00;0;0;0;0;0;0;0;0;344
10/12/2024 8:00;23;15;4;1;5;8;22;13;1185
10/12/2024 9:00;43;39;7;7;19;15;42;38;2496
10/12/2024 10:00;78;77;13;18;24;21;72;71;2798
10/12/2024 11:00;77;68;13;13;25;25;71;60;3939
10/12/2024 12:00;57;89;7;15;23;26;52;80;4838
10/12/2024 13:00;169;166;22;29;70;73;146;149;8301
10/12/2024 14:00;179;224;27;30;86;121;158;195;7970
10/12/2024 15:00;93;122;9;13;36;54;84;106;6394
10/12/2024 16:00;58;65;7;9;17;23;48;57;6090
10/12/2024 17:00;45;67;4;8;22;27;42;63;7199
10/12/2024 18:00;42;67;3;4;18;28;40;60;8046
10/12/2024 19:00;35;65;2;9;14;26;33;56;6789
10/12/2024 20:00;26;48;4;7;11;23;24;42;3867
10/12/2024 21:00;0;2;0;0;0;0;0;2;1668
10/12/2024 22:00;1;1;0;0;1;1;1;1;1303
10/12/2024 23:00;0;0;0;0;0;0;0;0;1072
11/12/2024 0:00;0;0;0;0;0;0;0;0;776
11/12/2024 1:00;0;0;0;0;0;0;0;0;175
11/12/2024 2:00;0;0;0;0;0;0;0;0;130
11/12/2024 3:00;0;0;0;0;0;0;0;0;26
11/12/2024 4:00;0;0;0;0;0;0;0;0;29
11/12/2024 5:00;0;0;0;0;0;0;0;0;29
11/12/2024 6:00;0;0;0;0;0;0;0;0;140
11/12/2024 7:00;0;0;0;0;0;0;0;0;277
11/12/2024 8:00;7;8;0;2;1;2;7;8;1010
11/12/2024 9:00;56;41;9;7;23;19;55;40;2333
11/12/2024 10:00;64;71;11;12;28;28;63;67;3116
11/12/2024 11:00;94;90;17;8;27;33;83;82;3924
11/12/2024 12:00;70;83;14;14;34;35;66;75;5587
11/12/2024 13:00;145;150;25;21;61;72;127;131;7696
11/12/2024 14:00;173;205;23;27;74;99;149;177;8111
11/12/2024 15:00;92;115;15;20;44;53;78;95;6954
11/12/2024 16:00;83;82;12;12;31;34;77;68;6679
11/12/2024 17:00;57;77;10;11;20;27;51;68;7748
11/12/2024 18:00;55;91;6;14;18;35;50;80;8190
11/12/2024 19:00;40;63;2;3;12;20;38;54;7147
11/12/2024 20:00;15;26;0;5;4;5;13;23;4222
11/12/2024 21:00;1;3;0;0;0;1;1;3;2018
11/12/2024 22:00;0;0;0;0;0;0;0;0;1560
11/12/2024 23:00;0;0;0;0;0;0;0;0;1298
12/12/2024 0:00;0;0;0;0;0;0;0;0;824
12/12/2024 1:00;0;0;0;0;0;0;0;0;220
12/12/2024 2:00;0;0;0;0;0;0;0;0;85
12/12/2024 3:00;0;0;0;0;0;0;0;0;42
12/12/2024 4:00;0;0;0;0;0;0;0;0;35
12/12/2024 5:00;0;0;0;0;0;0;0;0;6
12/12/2024 6:00;0;0;0;0;0;0;0;0;143
12/12/2024 7:00;0;0;0;0;0;0;0;0;308
12/12/2024 8:00;9;7;2;2;1;1;8;7;1270
12/12/2024 9:00;61;48;4;7;22;15;57;46;2876
12/12/2024 10:00;73;78;11;6;28;32;71;69;3929
12/12/2024 11:00;70;73;18;11;25;24;60;66;3615
12/12/2024 12:00;79;73;16;12;29;26;71;68;5920
12/12/2024 13:00;179;191;26;20;83;85;157;161;7692
12/12/2024 14:00;173;219;22;21;80;117;158;183;7765
12/12/2024 15:00;98;128;11;20;53;66;92;114;6652
12/12/2024 16:00;76;84;5;10;42;43;70;78;6673
12/12/2024 17:00;61;85;9;15;21;39;58;77;7818
12/12/2024 18:00;41;67;2;10;12;22;37;61;8683
12/12/2024 19:00;46;62;3;5;9;25;43;58;7179
12/12/2024 20:00;27;51;3;5;10;20;25;44;4641
12/12/2024 21:00;2;3;0;1;0;1;2;3;2113
12/12/2024 22:00;0;0;0;0;0;0;0;0;1632
12/12/2024 23:00;0;0;0;0;0;0;0;0;1037
13/12/2024 0:00;0;0;0;0;0;0;0;0;883
13/12/2024 1:00;0;0;0;0;0;0;0;0;270
13/12/2024 2:00;0;0;0;0;0;0;0;0;109
13/12/2024 3:00;0;0;0;0;0;0;0;0;67
13/12/2024 4:00;0;0;0;0;0;0;0;0;57
13/12/2024 5:00;0;0;0;0;0;0;0;0;22
13/12/2024 6:00;0;0;0;0;0;0;0;0;112
13/12/2024 7:00;0;0;0;0;0;0;0;0;278
13/12/2024 8:00;18;18;3;5;4;6;16;17;1190
13/12/2024 9:00;44;56;7;8;12;17;43;53;2406
13/12/2024 10:00;75;71;16;15;31;28;65;65;2810
13/12/2024 11:00;75;91;18;11;20;26;68;78;3762
13/12/2024 12:00;75;81;4;6;41;44;65;70;4603
13/12/2024 13:00;163;151;23;11;63;71;142;126;7849
13/12/2024 14:00;136;173;13;14;54;81;115;152;8005
13/12/2024 15:00;114;122;18;11;43;59;104;103;7238
13/12/2024 16:00;80;108;12;12;37;45;69;89;8475
13/12/2024 17:00;81;105;7;13;30;46;72;95;9383
13/12/2024 18:00;60;70;2;7;23;31;52;58;8758
13/12/2024 19:00;43;62;0;3;10;22;39;58;7725
13/12/2024 20:00;19;49;2;7;11;19;17;42;5063
13/12/2024 21:00;7;11;1;1;1;4;7;9;2456
13/12/2024 22:00;0;0;0;0;0;0;0;0;1554
13/12/2024 23:00;0;0;0;0;0;0;0;0;1275
14/12/2024 0:00;0;0;0;0;0;0;0;0;988
14/12/2024 1:00;0;0;0;0;0;0;0;0;395
14/12/2024 2:00;0;0;0;0;0;0;0;0;259
14/12/2024 3:00;0;0;0;0;0;0;0;0;215
14/12/2024 4:00;0;0;0;0;0;0;0;0;77
14/12/2024 5:00;0;0;0;0;0;0;0;0;49
14/12/2024 6:00;0;0;0;0;0;0;0;0;136
14/12/2024 7:00;0;0;0;0;0;0;0;0;117
14/12/2024 8:00;0;0;0;0;0;0;0;0;264
14/12/2024 9:00;17;15;2;1;4;4;16;15;740
14/12/2024 10:00;60;54;13;11;17;18;53;50;2005
14/12/2024 11:00;75;92;12;14;22;25;67;81;3585
14/12/2024 12:00;70;64;5;4;26;27;65;57;5070
14/12/2024 13:00;140;118;24;16;45;43;107;97;7278
14/12/2024 14:00;157;181;14;15;76;84;120;148;8850
14/12/2024 15:00;155;160;22;22;64;72;127;131;9711
14/12/2024 16:00;121;160;9;17;56;66;96;126;10823
14/12/2024 17:00;84;137;9;19;30;64;69;115;10645
14/12/2024 18:00;88;105;13;9;30;39;74;85;8135
14/12/2024 19:00;53;79;8;9;16;33;45;65;7460
14/12/2024 20:00;21;37;1;2;7;14;19;36;5004
14/12/2024 21:00;0;0;0;0;0;0;0;0;2200
14/12/2024 22:00;1;1;0;0;1;1;1;1;1617
14/12/2024 23:00;0;0;0;0;0;0;0;0;1149
15/12/2024 0:00;0;0;0;0;0;0;0;0;1027
15/12/2024 1:00;0;0;0;0;0;0;0;0;369
15/12/2024 2:00;0;0;0;0;0;0;0;0;115
15/12/2024 3:00;0;0;0;0;0;0;0;0;79
15/12/2024 4:00;0;0;0;0;0;0;0;0;72
15/12/2024 5:00;0;0;0;0;0;0;0;0;68
15/12/2024 6:00;0;0;0;0;0;0;0;0;89
15/12/2024 7:00;0;0;0;0;0;0;0;0;68
15/12/2024 8:00;0;0;0;0;0;0;0;0;195
15/12/2024 9:00;0;0;0;0;0;0;0;0;360
15/12/2024 10:00;17;11;5;4;3;5;15;11;795
15/12/2024 11:00;48;48;9;7;14;14;43;42;1706
15/12/2024 12:00;40;41;10;8;11;14;35;37;2059
15/12/2024 13:00;64;62;8;9;21;22;50;50;2448
15/12/2024 14:00;55;69;10;8;19;30;45;61;3440
15/12/2024 15:00;55;75;8;13;21;35;46;67;3777
15/12/2024 16:00;59;48;5;3;24;26;48;42;3879
15/12/2024 17:00;33;66;3;6;11;25;25;52;3772
15/12/2024 18:00;0;0;0;0;0;0;0;0;2855
15/12/2024 19:00;0;0;0;0;0;0;0;0;2144
15/12/2024 20:00;0;0;0;0;0;0;0;0;1610
15/12/2024 21:00;0;0;0;0;0;0;0;0;944
15/12/2024 22:00;0;0;0;0;0;0;0;0;783
15/12/2024 23:00;0;0;0;0;0;0;0;0;544
